-- phpMyAdmin SQL Dump
-- version 3.4.5
-- http://www.phpmyadmin.net
--
-- Host: localhost
-- Generation Time: Jul 19, 2012 at 05:11 PM
-- Server version: 5.5.16
-- PHP Version: 5.3.8

SET SQL_MODE="NO_AUTO_VALUE_ON_ZERO";
SET time_zone = "+00:00";


/*!40101 SET @OLD_CHARACTER_SET_CLIENT=@@CHARACTER_SET_CLIENT */;
/*!40101 SET @OLD_CHARACTER_SET_RESULTS=@@CHARACTER_SET_RESULTS */;
/*!40101 SET @OLD_COLLATION_CONNECTION=@@COLLATION_CONNECTION */;
/*!40101 SET NAMES utf8 */;

--
-- Database: `cms`
--

-- --------------------------------------------------------

--
-- Table structure for table `hoiit_configs`
--

CREATE TABLE IF NOT EXISTS `hoiit_configs` (
  `config_name` varchar(30) NOT NULL,
  `config_value` int(11) NOT NULL,
  `config_desc` varchar(100) DEFAULT NULL,
  `hoiit_functions_function_value` varchar(30) NOT NULL,
  PRIMARY KEY (`config_name`),
  KEY `fk_hoiit_configs_hoiit_functions1` (`hoiit_functions_function_value`)
) ENGINE=InnoDB DEFAULT CHARSET=utf8;

-- --------------------------------------------------------

--
-- Table structure for table `hoiit_functions`
--

CREATE TABLE IF NOT EXISTS `hoiit_functions` (
  `function_value` varchar(30) NOT NULL,
  `function_name` varchar(45) NOT NULL,
  `function_class` varchar(30) NOT NULL,
  `function_call` varchar(30) DEFAULT NULL,
  `hoiit_modules_module_id` varchar(30) NOT NULL,
  PRIMARY KEY (`function_value`),
  KEY `fk_hoiit_functions_hoiit_modules` (`hoiit_modules_module_id`)
) ENGINE=InnoDB DEFAULT CHARSET=utf8;

--
-- Dumping data for table `hoiit_functions`
--

INSERT INTO `hoiit_functions` (`function_value`, `function_name`, `function_class`, `function_call`, `hoiit_modules_module_id`) VALUES
('counter', 'Counter', 'Counter.Counter', 'publishAssets', 'counter'),
('menu_about', 'About', '', 'listItem', 'about');

-- --------------------------------------------------------

--
-- Table structure for table `hoiit_groups`
--

CREATE TABLE IF NOT EXISTS `hoiit_groups` (
  `group_id` varchar(45) NOT NULL,
  `group_name` varchar(100) NOT NULL,
  PRIMARY KEY (`group_id`)
) ENGINE=InnoDB DEFAULT CHARSET=utf8;

--
-- Dumping data for table `hoiit_groups`
--

INSERT INTO `hoiit_groups` (`group_id`, `group_name`) VALUES
('administrator', 'Administrator');

-- --------------------------------------------------------

--
-- Table structure for table `hoiit_langs`
--

CREATE TABLE IF NOT EXISTS `hoiit_langs` (
  `lang_id` varchar(45) NOT NULL,
  `lang_name` varchar(200) NOT NULL,
  `lang_admin` tinyint(1) NOT NULL DEFAULT '0',
  `hoiit_languages_language_id` varchar(2) NOT NULL,
  PRIMARY KEY (`lang_id`,`hoiit_languages_language_id`),
  KEY `fk_hoiit_langs_hoiit_languages1` (`hoiit_languages_language_id`)
) ENGINE=InnoDB DEFAULT CHARSET=utf8;

--
-- Dumping data for table `hoiit_langs`
--

INSERT INTO `hoiit_langs` (`lang_id`, `lang_name`, `lang_admin`, `hoiit_languages_language_id`) VALUES
('about', 'Giới thiệu', 0, 'vi'),
('action', 'Thao tác', 1, 'vi'),
('add_new', 'Thêm mới', 1, 'vi'),
('adv', 'Quảng cáo', 1, 'vi'),
('cancel', 'Cancel', 1, 'en'),
('cancel', 'Hủy bỏ', 1, 'vi'),
('counter', 'Counter', 0, 'en'),
('counter', 'Thống kê truy cập', 0, 'vi'),
('create_date', 'Ngày tạo', 1, 'vi'),
('default', 'Trang chủ', 0, 'vi'),
('delete', 'Xóa', 1, 'vi'),
('edit', 'Chỉnh sửa', 0, 'vi'),
('hidden', 'Ẩn', 1, 'vi'),
('no_record', 'Không tồn tại mẫu tin', 0, 'vi'),
('order', 'Order', 1, 'en'),
('order', 'Thứ tự', 1, 'vi'),
('show', 'Hiển thị', 1, 'vi'),
('sort', 'Sắp xếp', 1, 'vi'),
('synchronous', 'Đồng bộ', 1, 'vi'),
('title', 'Title', 1, 'en'),
('title', 'Tiêu đề', 1, 'vi'),
('view', 'Lượt xem', 1, 'vi');

-- --------------------------------------------------------

--
-- Table structure for table `hoiit_languages`
--

CREATE TABLE IF NOT EXISTS `hoiit_languages` (
  `language_id` varchar(2) NOT NULL,
  `language_name` varchar(45) NOT NULL,
  `language_sort` tinyint(4) NOT NULL DEFAULT '1',
  PRIMARY KEY (`language_id`)
) ENGINE=InnoDB DEFAULT CHARSET=utf8;

--
-- Dumping data for table `hoiit_languages`
--

INSERT INTO `hoiit_languages` (`language_id`, `language_name`, `language_sort`) VALUES
('en', 'English', 2),
('vi', 'Việt Nam', 1);

-- --------------------------------------------------------

--
-- Table structure for table `hoiit_modules`
--

CREATE TABLE IF NOT EXISTS `hoiit_modules` (
  `module_id` varchar(30) NOT NULL,
  `module_title` varchar(45) NOT NULL,
  `module_url` varchar(100) DEFAULT NULL,
  `module_sort` tinyint(4) NOT NULL,
  `module_type` tinyint(1) NOT NULL DEFAULT '0',
  PRIMARY KEY (`module_id`)
) ENGINE=InnoDB DEFAULT CHARSET=utf8;

--
-- Dumping data for table `hoiit_modules`
--

INSERT INTO `hoiit_modules` (`module_id`, `module_title`, `module_url`, `module_sort`, `module_type`) VALUES
('about', 'Danh sách', 'about', 2, 1),
('adv', 'Danh sách', 'adv', 3, 1),
('counter', 'Counter', NULL, 3, 0),
('default', 'Default', NULL, 1, 1);

-- --------------------------------------------------------

--
-- Table structure for table `hoiit_module_about`
--

CREATE TABLE IF NOT EXISTS `hoiit_module_about` (
  `record_id` int(11) NOT NULL AUTO_INCREMENT,
  `pic_thumb` varchar(100) DEFAULT NULL,
  `created` timestamp NOT NULL DEFAULT CURRENT_TIMESTAMP,
  `record_order` int(11) DEFAULT NULL,
  `hot` tinyint(1) NOT NULL DEFAULT '0',
  `field1` varchar(100) DEFAULT NULL,
  `field2` varchar(100) DEFAULT NULL,
  `enable` tinyint(1) NOT NULL DEFAULT '0',
  PRIMARY KEY (`record_id`)
) ENGINE=InnoDB  DEFAULT CHARSET=utf8 AUTO_INCREMENT=48 ;

--
-- Dumping data for table `hoiit_module_about`
--

INSERT INTO `hoiit_module_about` (`record_id`, `pic_thumb`, `created`, `record_order`, `hot`, `field1`, `field2`, `enable`) VALUES
(46, NULL, '2012-07-16 03:15:05', 1, 0, NULL, NULL, 1),
(47, NULL, '2012-07-16 03:20:52', 2, 1, NULL, NULL, 1);

-- --------------------------------------------------------

--
-- Table structure for table `hoiit_module_about_languages`
--

CREATE TABLE IF NOT EXISTS `hoiit_module_about_languages` (
  `record_id` int(11) NOT NULL,
  `language_id` varchar(2) NOT NULL,
  `title` varchar(100) NOT NULL,
  `content` text NOT NULL,
  `tag` varchar(100) NOT NULL,
  `description` varchar(250) DEFAULT NULL,
  `hit` int(11) NOT NULL DEFAULT '0',
  `extra_field1` varchar(100) DEFAULT NULL,
  `extra_field2` varchar(100) DEFAULT NULL,
  PRIMARY KEY (`record_id`,`language_id`),
  KEY `fk_hoiit_about_has_hoiit_languages_hoiit_languages1` (`language_id`),
  KEY `fk_hoiit_about_has_hoiit_languages_hoiit_about1` (`record_id`)
) ENGINE=InnoDB DEFAULT CHARSET=utf8;

--
-- Dumping data for table `hoiit_module_about_languages`
--

INSERT INTO `hoiit_module_about_languages` (`record_id`, `language_id`, `title`, `content`, `tag`, `description`, `hit`, `extra_field1`, `extra_field2`) VALUES
(46, 'en', '', '<p>asdas</p>', '', 'dasd', 2, NULL, NULL),
(46, 'vi', 'Thanh an', '<p>dasd</p>', 'thanh-an', 'das', 2, NULL, NULL),
(47, 'en', 'About', '<p>Con tnet</p>', 'about', 'dasdsadsads', 2, NULL, NULL),
(47, 'vi', 'Gioi thieu sd', '<p>Noi dung</p>', 'gioi-thieu-sd', 'asdasdsd', 2, NULL, NULL);

-- --------------------------------------------------------

--
-- Table structure for table `hoiit_module_advs`
--

CREATE TABLE IF NOT EXISTS `hoiit_module_advs` (
  `record_id` int(11) NOT NULL AUTO_INCREMENT,
  `title` varchar(100) NOT NULL,
  `pic_thumb` varchar(100) NOT NULL,
  `url` varchar(200) DEFAULT NULL,
  `create_date` timestamp NOT NULL DEFAULT CURRENT_TIMESTAMP,
  `start_date` timestamp NOT NULL DEFAULT '0000-00-00 00:00:00',
  `end_date` timestamp NOT NULL DEFAULT '0000-00-00 00:00:00',
  `hits` int(11) NOT NULL DEFAULT '0',
  `record_order` int(11) DEFAULT NULL,
  `position` varchar(45) NOT NULL,
  `type` varchar(45) DEFAULT NULL,
  `click` varchar(45) NOT NULL DEFAULT '0',
  `enable` tinyint(1) NOT NULL DEFAULT '1',
  PRIMARY KEY (`record_id`)
) ENGINE=InnoDB DEFAULT CHARSET=utf8 AUTO_INCREMENT=1 ;

-- --------------------------------------------------------

--
-- Table structure for table `hoiit_module_menus`
--

CREATE TABLE IF NOT EXISTS `hoiit_module_menus` (
  `menu_id` smallint(6) NOT NULL AUTO_INCREMENT,
  `parent_id` smallint(6) NOT NULL DEFAULT '0',
  `menu_target` enum('_self','_blank') DEFAULT NULL,
  `menu_sort` smallint(6) NOT NULL DEFAULT '0',
  `menu_homepage` tinyint(1) NOT NULL DEFAULT '0',
  `menu_activated` tinyint(1) NOT NULL DEFAULT '0',
  PRIMARY KEY (`menu_id`)
) ENGINE=InnoDB  DEFAULT CHARSET=utf8 AUTO_INCREMENT=4 ;

--
-- Dumping data for table `hoiit_module_menus`
--

INSERT INTO `hoiit_module_menus` (`menu_id`, `parent_id`, `menu_target`, `menu_sort`, `menu_homepage`, `menu_activated`) VALUES
(1, 0, NULL, 1, 1, 1),
(2, 0, NULL, 2, 0, 1),
(3, 2, NULL, 1, 0, 1);

-- --------------------------------------------------------

--
-- Table structure for table `hoiit_module_menus_languages`
--

CREATE TABLE IF NOT EXISTS `hoiit_module_menus_languages` (
  `menu_id` smallint(6) NOT NULL,
  `language_id` varchar(2) NOT NULL,
  `menu_name` varchar(100) NOT NULL,
  `menu_url` varchar(255) NOT NULL,
  `menu_description` varchar(255) DEFAULT NULL,
  PRIMARY KEY (`menu_id`,`language_id`),
  KEY `fk_hoiit_module_menus_has_hoiit_languages_hoiit_languages1` (`language_id`),
  KEY `fk_hoiit_module_menus_has_hoiit_languages_hoiit_module_menus1` (`menu_id`)
) ENGINE=InnoDB DEFAULT CHARSET=utf8;

--
-- Dumping data for table `hoiit_module_menus_languages`
--

INSERT INTO `hoiit_module_menus_languages` (`menu_id`, `language_id`, `menu_name`, `menu_url`, `menu_description`) VALUES
(1, 'en', 'Home page', 'default', NULL),
(1, 'vi', 'Trang chủ', 'trang-chu', NULL),
(2, 'en', 'About', 'about', NULL),
(2, 'vi', 'Giới thiệu', 'gioi-thieu', NULL),
(3, 'en', 'About Sub', 'sub', NULL),
(3, 'vi', 'Tầm nhìn', 'sub', NULL);

-- --------------------------------------------------------

--
-- Table structure for table `hoiit_module_pcounter_save`
--

CREATE TABLE IF NOT EXISTS `hoiit_module_pcounter_save` (
  `save_name` varchar(10) NOT NULL,
  `save_value` int(11) NOT NULL
) ENGINE=InnoDB DEFAULT CHARSET=utf8;

--
-- Dumping data for table `hoiit_module_pcounter_save`
--

INSERT INTO `hoiit_module_pcounter_save` (`save_name`, `save_value`) VALUES
('day_time', 2456128),
('max_count', 1),
('counter', 8),
('yesterday', 1);

-- --------------------------------------------------------

--
-- Table structure for table `hoiit_module_pcounter_users`
--

CREATE TABLE IF NOT EXISTS `hoiit_module_pcounter_users` (
  `user_ip` varchar(39) NOT NULL,
  `user_time` int(11) NOT NULL
) ENGINE=InnoDB DEFAULT CHARSET=utf8;

--
-- Dumping data for table `hoiit_module_pcounter_users`
--

INSERT INTO `hoiit_module_pcounter_users` (`user_ip`, `user_time`) VALUES
('''::1''', 1342708486);

-- --------------------------------------------------------

--
-- Table structure for table `hoiit_positions`
--

CREATE TABLE IF NOT EXISTS `hoiit_positions` (
  `pos_id` varchar(30) NOT NULL,
  `pos_sort` tinyint(4) NOT NULL,
  `pos_activated` varchar(45) NOT NULL,
  `module_id` varchar(30) NOT NULL,
  `action_id` varchar(30) DEFAULT NULL,
  `controller_id` varchar(30) DEFAULT NULL,
  `hoiit_functions_function_value` varchar(30) NOT NULL,
  KEY `fk_hoiit_positions_hoiit_functions1` (`hoiit_functions_function_value`)
) ENGINE=InnoDB DEFAULT CHARSET=utf8;

--
-- Dumping data for table `hoiit_positions`
--

INSERT INTO `hoiit_positions` (`pos_id`, `pos_sort`, `pos_activated`, `module_id`, `action_id`, `controller_id`, `hoiit_functions_function_value`) VALUES
('left', 1, '1', 'default', NULL, NULL, 'menu_about'),
('left', 2, '1', 'about', NULL, NULL, 'menu_about'),
('left', 2, '1', 'default', NULL, NULL, 'counter'),
('right', 1, '1', 'about', NULL, NULL, 'counter');

-- --------------------------------------------------------

--
-- Table structure for table `hoiit_settings`
--

CREATE TABLE IF NOT EXISTS `hoiit_settings` (
  `setting_name` varchar(30) NOT NULL,
  `setting_value` varchar(1000) NOT NULL,
  PRIMARY KEY (`setting_name`)
) ENGINE=InnoDB DEFAULT CHARSET=utf8;

--
-- Dumping data for table `hoiit_settings`
--

INSERT INTO `hoiit_settings` (`setting_name`, `setting_value`) VALUES
('default_language', 'vi'),
('description', 'Description'),
('keywords', 'Keywords'),
('title', 'Welcome to Yii Thanhansoft');

-- --------------------------------------------------------

--
-- Table structure for table `hoiit_templates`
--

CREATE TABLE IF NOT EXISTS `hoiit_templates` (
  `template_id` varchar(30) NOT NULL,
  `template_name` varchar(45) NOT NULL,
  `template_date` timestamp NOT NULL DEFAULT CURRENT_TIMESTAMP,
  `template_desc` varchar(100) DEFAULT NULL,
  `template_author` varchar(45) DEFAULT NULL,
  `template_web` varchar(100) DEFAULT NULL,
  `template_admin` tinyint(1) NOT NULL,
  `template_activated` tinyint(1) NOT NULL DEFAULT '0',
  PRIMARY KEY (`template_id`)
) ENGINE=InnoDB DEFAULT CHARSET=utf8;

--
-- Dumping data for table `hoiit_templates`
--

INSERT INTO `hoiit_templates` (`template_id`, `template_name`, `template_date`, `template_desc`, `template_author`, `template_web`, `template_admin`, `template_activated`) VALUES
('default', 'Default', '2012-06-30 14:47:02', NULL, 'Yii project', 'http://yiiproject.com', 0, 0),
('home', 'Home', '2012-07-04 10:54:29', NULL, 'Yii project', 'http://yiiproject.com', 0, 1);

-- --------------------------------------------------------

--
-- Table structure for table `hoiit_urls`
--

CREATE TABLE IF NOT EXISTS `hoiit_urls` (
  `url_pattern` varchar(100) NOT NULL,
  `url_route` varchar(100) NOT NULL,
  `url_param` varchar(200) DEFAULT NULL,
  `hoiit_modules_module_id` varchar(30) NOT NULL,
  `hoiit_languages_language_id` varchar(2) NOT NULL,
  PRIMARY KEY (`url_pattern`),
  KEY `fk_hoiit_urls_hoiit_modules1` (`hoiit_modules_module_id`),
  KEY `fk_hoiit_urls_hoiit_languages1` (`hoiit_languages_language_id`)
) ENGINE=InnoDB DEFAULT CHARSET=utf8;

--
-- Dumping data for table `hoiit_urls`
--

INSERT INTO `hoiit_urls` (`url_pattern`, `url_route`, `url_param`, `hoiit_modules_module_id`, `hoiit_languages_language_id`) VALUES
('(gioi-thieu)', 'about/default/index', NULL, 'about', 'vi'),
('(gioi-thieu)/<id:[-a-z0-9]+>', 'about/default/view', 'urlSuffix=>.html', 'about', 'vi'),
('trang-chu', 'default/default/index', NULL, 'default', 'vi');

-- --------------------------------------------------------

--
-- Table structure for table `hoiit_users`
--

CREATE TABLE IF NOT EXISTS `hoiit_users` (
  `user_id` varchar(45) NOT NULL,
  `user_email` varchar(100) NOT NULL,
  `user_pass` varchar(45) NOT NULL,
  `user_picture` varchar(45) DEFAULT NULL,
  `user_display` varchar(100) NOT NULL,
  `user_registered` timestamp NOT NULL DEFAULT CURRENT_TIMESTAMP,
  `user_lastvisit` timestamp NULL DEFAULT NULL,
  `user_activation_key` varchar(45) DEFAULT NULL,
  `user_enable` tinyint(1) NOT NULL,
  `hoiit_groups_group_id` varchar(45) NOT NULL,
  PRIMARY KEY (`user_id`),
  KEY `fk_hoiit_users_hoiit_groups1` (`hoiit_groups_group_id`)
) ENGINE=InnoDB DEFAULT CHARSET=utf8;

--
-- Dumping data for table `hoiit_users`
--

INSERT INTO `hoiit_users` (`user_id`, `user_email`, `user_pass`, `user_picture`, `user_display`, `user_registered`, `user_lastvisit`, `user_activation_key`, `user_enable`, `hoiit_groups_group_id`) VALUES
('thanhansoft', 'thanhansoft@gmail.com', '14e1b600b1fd579f47433b88e8d85291', NULL, 'Thanhansoft', '2012-07-03 15:49:55', '2012-07-03 15:49:55', NULL, 1, 'administrator');

--
-- Constraints for dumped tables
--

--
-- Constraints for table `hoiit_configs`
--
ALTER TABLE `hoiit_configs`
  ADD CONSTRAINT `fk_hoiit_configs_hoiit_functions1` FOREIGN KEY (`hoiit_functions_function_value`) REFERENCES `hoiit_functions` (`function_value`) ON DELETE NO ACTION ON UPDATE NO ACTION;

--
-- Constraints for table `hoiit_functions`
--
ALTER TABLE `hoiit_functions`
  ADD CONSTRAINT `fk_hoiit_functions_hoiit_modules` FOREIGN KEY (`hoiit_modules_module_id`) REFERENCES `hoiit_modules` (`module_id`) ON DELETE NO ACTION ON UPDATE NO ACTION;

--
-- Constraints for table `hoiit_langs`
--
ALTER TABLE `hoiit_langs`
  ADD CONSTRAINT `fk_hoiit_langs_hoiit_languages1` FOREIGN KEY (`hoiit_languages_language_id`) REFERENCES `hoiit_languages` (`language_id`) ON DELETE NO ACTION ON UPDATE NO ACTION;

--
-- Constraints for table `hoiit_module_about_languages`
--
ALTER TABLE `hoiit_module_about_languages`
  ADD CONSTRAINT `fk_hoiit_about_has_hoiit_languages_hoiit_about1` FOREIGN KEY (`record_id`) REFERENCES `hoiit_module_about` (`record_id`) ON DELETE NO ACTION ON UPDATE NO ACTION,
  ADD CONSTRAINT `fk_hoiit_about_has_hoiit_languages_hoiit_languages1` FOREIGN KEY (`language_id`) REFERENCES `hoiit_languages` (`language_id`) ON DELETE NO ACTION ON UPDATE NO ACTION;

--
-- Constraints for table `hoiit_module_menus_languages`
--
ALTER TABLE `hoiit_module_menus_languages`
  ADD CONSTRAINT `fk_hoiit_module_menus_has_hoiit_languages_hoiit_languages1` FOREIGN KEY (`language_id`) REFERENCES `hoiit_languages` (`language_id`) ON DELETE NO ACTION ON UPDATE NO ACTION,
  ADD CONSTRAINT `fk_hoiit_module_menus_has_hoiit_languages_hoiit_module_menus1` FOREIGN KEY (`menu_id`) REFERENCES `hoiit_module_menus` (`menu_id`) ON DELETE NO ACTION ON UPDATE NO ACTION;

--
-- Constraints for table `hoiit_positions`
--
ALTER TABLE `hoiit_positions`
  ADD CONSTRAINT `fk_hoiit_positions_hoiit_functions1` FOREIGN KEY (`hoiit_functions_function_value`) REFERENCES `hoiit_functions` (`function_value`) ON DELETE NO ACTION ON UPDATE NO ACTION;

--
-- Constraints for table `hoiit_urls`
--
ALTER TABLE `hoiit_urls`
  ADD CONSTRAINT `fk_hoiit_urls_hoiit_languages1` FOREIGN KEY (`hoiit_languages_language_id`) REFERENCES `hoiit_languages` (`language_id`) ON DELETE NO ACTION ON UPDATE NO ACTION,
  ADD CONSTRAINT `fk_hoiit_urls_hoiit_modules1` FOREIGN KEY (`hoiit_modules_module_id`) REFERENCES `hoiit_modules` (`module_id`) ON DELETE NO ACTION ON UPDATE NO ACTION;

--
-- Constraints for table `hoiit_users`
--
ALTER TABLE `hoiit_users`
  ADD CONSTRAINT `fk_hoiit_users_hoiit_groups1` FOREIGN KEY (`hoiit_groups_group_id`) REFERENCES `hoiit_groups` (`group_id`) ON DELETE NO ACTION ON UPDATE NO ACTION;

/*!40101 SET CHARACTER_SET_CLIENT=@OLD_CHARACTER_SET_CLIENT */;
/*!40101 SET CHARACTER_SET_RESULTS=@OLD_CHARACTER_SET_RESULTS */;
/*!40101 SET COLLATION_CONNECTION=@OLD_COLLATION_CONNECTION */;
