-- phpMyAdmin SQL Dump
-- version 3.4.5
-- http://www.phpmyadmin.net
--
-- Host: localhost
-- Generation Time: Jan 06, 2012 at 09:56 AM
-- Server version: 5.5.16
-- PHP Version: 5.3.8

SET SQL_MODE="NO_AUTO_VALUE_ON_ZERO";
SET time_zone = "+00:00";


/*!40101 SET @OLD_CHARACTER_SET_CLIENT=@@CHARACTER_SET_CLIENT */;
/*!40101 SET @OLD_CHARACTER_SET_RESULTS=@@CHARACTER_SET_RESULTS */;
/*!40101 SET @OLD_COLLATION_CONNECTION=@@COLLATION_CONNECTION */;
/*!40101 SET NAMES utf8 */;

--
-- Database: `dos`
--

-- --------------------------------------------------------

--
-- Table structure for table `dos_configs`
--

CREATE TABLE IF NOT EXISTS `dos_configs` (
  `config_name` varchar(30) NOT NULL,
  `config_value` int(11) NOT NULL,
  `config_desc` varchar(50) DEFAULT NULL,
  `dos_templates_template` varchar(6) NOT NULL,
  PRIMARY KEY (`config_name`),
  KEY `fk_dos_configs_dos_templates1` (`dos_templates_template`)
) ENGINE=InnoDB DEFAULT CHARSET=utf8;

--
-- Dumping data for table `dos_configs`
--

INSERT INTO `dos_configs` (`config_name`, `config_value`, `config_desc`, `dos_templates_template`) VALUES
('advs_height', 200, NULL, '111120'),
('advs_width', 224, NULL, '111120'),
('banner_height', 297, NULL, '111120'),
('banner_width', 709, NULL, '111120'),
('products_height', 650, NULL, '111120'),
('products_height_thumb', 110, NULL, '111120'),
('products_width', 700, NULL, '111120'),
('products_width_thumb', 200, NULL, '111120'),
('product_cats_height', 150, NULL, '111120'),
('product_cats_width', 169, NULL, '111120'),
('services_height', 110, NULL, '111120'),
('services_width', 192, NULL, '111120');

-- --------------------------------------------------------

--
-- Table structure for table `dos_langs`
--

CREATE TABLE IF NOT EXISTS `dos_langs` (
  `lang_name` varchar(30) NOT NULL,
  `lang` varchar(200) NOT NULL,
  `langen` varchar(200) DEFAULT NULL,
  `admin` tinyint(1) NOT NULL DEFAULT '0',
  PRIMARY KEY (`lang_name`)
) ENGINE=InnoDB DEFAULT CHARSET=utf8;

--
-- Dumping data for table `dos_langs`
--

INSERT INTO `dos_langs` (`lang_name`, `lang`, `langen`, `admin`) VALUES
('about', 'Giới thiệu', 'About us', 0),
('actions', 'Thao tác', 'Actions', 1),
('add_new', 'Thêm mới', 'Add new', 1),
('add_row', 'Thêm dòng', 'Add row', 1),
('advs', 'Quảng cáo', 'Adv', 0),
('banner', 'Logo &amp; Banner', 'Logo &amp; Banner', 0),
('cancel', 'Hủy bỏ', 'Cancel', 1),
('content', 'Chi tiết', 'Content', 1),
('contenten', 'Chi tiết En', 'Content En', 1),
('counter', 'Thống kê truy cập', 'Online counter', 0),
('create_date', 'Ngày tạo', 'Create date', 1),
('default', 'Trang chủ', 'Home page', 0),
('delete', 'Xóa', 'Delete', 1),
('edit', 'Chỉnh sửa', 'Edit', 1),
('hidden', 'Ẩn', 'Hidden', 1),
('hot', 'Nổi bật', 'Hot', 1),
('normal', 'Bình thường', 'Normal', 1),
('no_record', 'Không tồn tại mẫu tin', 'No record', 0),
('order', 'Thứ tự', 'Order', 1),
('products', 'Sản phẩm', 'Products', 0),
('services', 'Dịch vụ', 'Services', 0),
('show', 'Hiển thị', 'Show', 1),
('sort', 'Sắp xếp', 'Sort', 1),
('supports', 'Hỗ trợ trực tuyến', 'Online support', 0),
('synchronous', 'Đồng bộ', 'Synchronous', 1),
('tag', 'liên kết', 'Link', 1),
('title', 'Tiêu đề', 'Title', 1),
('titleen', 'Tiêu đề EN', 'Title EN', 1),
('views', 'Lượt xem', 'Views', 1);

-- --------------------------------------------------------

--
-- Table structure for table `dos_modules`
--

CREATE TABLE IF NOT EXISTS `dos_modules` (
  `module_id` varchar(20) NOT NULL,
  `module_url` varchar(45) DEFAULT NULL,
  `module_title` varchar(45) DEFAULT NULL,
  `module_sort` tinyint(4) NOT NULL,
  PRIMARY KEY (`module_id`)
) ENGINE=InnoDB DEFAULT CHARSET=utf8;

--
-- Dumping data for table `dos_modules`
--

INSERT INTO `dos_modules` (`module_id`, `module_url`, `module_title`, `module_sort`) VALUES
('about', 'about', 'Danh sách', 2),
('advs', 'advs', 'Danh sách', 7),
('banner', 'banner', 'Danh sách', 5),
('default', NULL, NULL, 1),
('products', 'products/cats|products', 'Danh mục|Danh sách', 4),
('services', 'services', 'Danh sách', 3),
('supports', 'supports', 'Danh sách', 6);

-- --------------------------------------------------------

--
-- Table structure for table `dos_modules_has_dos_usernames`
--

CREATE TABLE IF NOT EXISTS `dos_modules_has_dos_usernames` (
  `dos_modules_module_id` varchar(20) NOT NULL,
  `dos_usernames_username` varchar(45) NOT NULL,
  PRIMARY KEY (`dos_modules_module_id`,`dos_usernames_username`),
  KEY `fk_dos_modules_has_dos_usernames_dos_usernames1` (`dos_usernames_username`),
  KEY `fk_dos_modules_has_dos_usernames_dos_modules1` (`dos_modules_module_id`)
) ENGINE=InnoDB DEFAULT CHARSET=utf8;

--
-- Dumping data for table `dos_modules_has_dos_usernames`
--

INSERT INTO `dos_modules_has_dos_usernames` (`dos_modules_module_id`, `dos_usernames_username`) VALUES
('about', 'test'),
('advs', 'test'),
('banner', 'test'),
('products', 'test'),
('services', 'test'),
('supports', 'test');

-- --------------------------------------------------------

--
-- Table structure for table `dos_module_abouts`
--

CREATE TABLE IF NOT EXISTS `dos_module_abouts` (
  `record_id` int(11) NOT NULL AUTO_INCREMENT,
  `title` varchar(100) NOT NULL,
  `titleen` varchar(100) DEFAULT NULL,
  `content` text NOT NULL,
  `contenten` text,
  `hit` int(11) NOT NULL DEFAULT '0',
  `created` timestamp NOT NULL DEFAULT CURRENT_TIMESTAMP,
  `record_order` smallint(6) NOT NULL DEFAULT '1',
  `hot` tinyint(1) NOT NULL DEFAULT '0',
  `extra_field1` varchar(45) DEFAULT NULL,
  `extra_field2` varchar(45) DEFAULT NULL,
  `tag` varchar(100) NOT NULL,
  `description` varchar(250) NOT NULL,
  `activated` tinyint(1) NOT NULL DEFAULT '1',
  `dos_usernames_username` varchar(45) NOT NULL,
  PRIMARY KEY (`record_id`),
  KEY `fk_dos_module_abouts_dos_usernames1` (`dos_usernames_username`),
  KEY `tag` (`tag`)
) ENGINE=InnoDB  DEFAULT CHARSET=utf8 AUTO_INCREMENT=121 ;

--
-- Dumping data for table `dos_module_abouts`
--

INSERT INTO `dos_module_abouts` (`record_id`, `title`, `titleen`, `content`, `contenten`, `hit`, `created`, `record_order`, `hot`, `extra_field1`, `extra_field2`, `tag`, `description`, `activated`, `dos_usernames_username`) VALUES
(119, 'tiêu', NULL, '<p>\r\n	tiêu đề</p>\r\n', NULL, 42, '2011-12-19 15:00:29', 1, 0, NULL, NULL, 'tieu', 'chi iết', 1, 'test'),
(120, 'tiêu đềsas', 'title', '<p>\r\n	tieu deas</p>\r\n', '<p>\r\n	chi testsetsetes</p>\r\n', 2, '2011-12-23 14:50:21', 2, 0, NULL, NULL, 'tieu-desas', 'testsetestse', 1, 'test');

-- --------------------------------------------------------

--
-- Table structure for table `dos_module_advs`
--

CREATE TABLE IF NOT EXISTS `dos_module_advs` (
  `record_id` int(11) NOT NULL AUTO_INCREMENT,
  `title` varchar(100) NOT NULL,
  `ttileen` varchar(100) DEFAULT NULL,
  `pic_thumb` varchar(50) NOT NULL,
  `url` varchar(200) NOT NULL,
  `create_date` timestamp NOT NULL DEFAULT CURRENT_TIMESTAMP,
  `start_date` timestamp NOT NULL DEFAULT '0000-00-00 00:00:00',
  `end_date` timestamp NOT NULL DEFAULT '0000-00-00 00:00:00',
  `hits` int(11) NOT NULL DEFAULT '0',
  `record_order` int(11) DEFAULT '1',
  `position` varchar(45) NOT NULL,
  `type` varchar(45) DEFAULT NULL,
  `enable` tinyint(1) NOT NULL DEFAULT '1',
  `dos_usernames_username` varchar(45) NOT NULL,
  PRIMARY KEY (`record_id`),
  KEY `fk_dos_module_advs_dos_usernames1` (`dos_usernames_username`)
) ENGINE=InnoDB  DEFAULT CHARSET=utf8 AUTO_INCREMENT=19 ;

--
-- Dumping data for table `dos_module_advs`
--

INSERT INTO `dos_module_advs` (`record_id`, `title`, `ttileen`, `pic_thumb`, `url`, `create_date`, `start_date`, `end_date`, `hits`, `record_order`, `position`, `type`, `enable`, `dos_usernames_username`) VALUES
(17, 'Quảng cáo', NULL, 'anti-virus-software.jpg', 'http://grouplaptrinh.com', '2012-01-06 03:50:48', '2012-01-05 17:00:00', '2012-01-06 17:00:00', 0, 1, 'left', '_bank', 1, 'test'),
(18, 'asdasf', NULL, 'logo.jpg', 'http://grouplaptrinh.com', '2012-01-06 04:10:06', '2012-01-05 17:00:00', '2012-01-06 17:00:00', 0, 2, 'left', '_bank', 1, 'test');

-- --------------------------------------------------------

--
-- Table structure for table `dos_module_banners`
--

CREATE TABLE IF NOT EXISTS `dos_module_banners` (
  `banner_id` int(11) NOT NULL AUTO_INCREMENT,
  `banner_date` timestamp NOT NULL DEFAULT CURRENT_TIMESTAMP,
  `banner_name` varchar(45) NOT NULL,
  `banner_url` varchar(45) NOT NULL,
  `banner_link` varchar(200) DEFAULT NULL,
  `banner_order` int(11) NOT NULL DEFAULT '1',
  `banner_type` varchar(10) NOT NULL,
  `position` varchar(20) NOT NULL,
  `enable` tinyint(1) NOT NULL DEFAULT '1',
  `dos_usernames_username` varchar(45) NOT NULL,
  PRIMARY KEY (`banner_id`),
  KEY `fk_dos_module_banners_dos_usernames1` (`dos_usernames_username`)
) ENGINE=InnoDB  DEFAULT CHARSET=utf8 AUTO_INCREMENT=13 ;

--
-- Dumping data for table `dos_module_banners`
--

INSERT INTO `dos_module_banners` (`banner_id`, `banner_date`, `banner_name`, `banner_url`, `banner_link`, `banner_order`, `banner_type`, `position`, `enable`, `dos_usernames_username`) VALUES
(10, '2011-12-08 03:59:39', 'Banner', 'banner.jpg', '', 1, 'banner', 'about', 1, 'test'),
(11, '2011-12-08 04:20:42', 'banner 2', 'banner2.jpg', '', 2, 'banner', 'default', 1, 'test'),
(12, '2011-12-13 03:36:10', 'banner 2', 'banner36.jpg', '', 3, 'banner', 'products', 1, 'test');

-- --------------------------------------------------------

--
-- Table structure for table `dos_module_menus`
--

CREATE TABLE IF NOT EXISTS `dos_module_menus` (
  `menu` varchar(50) NOT NULL,
  `menuen` varchar(50) DEFAULT NULL,
  `url` varchar(100) DEFAULT NULL,
  `target` varchar(20) DEFAULT NULL,
  `position` tinyint(4) DEFAULT NULL,
  `dos_usernames_username` varchar(45) NOT NULL,
  KEY `fk_dos_module_menus_dos_usernames1` (`dos_usernames_username`)
) ENGINE=InnoDB DEFAULT CHARSET=utf8;

--
-- Dumping data for table `dos_module_menus`
--

INSERT INTO `dos_module_menus` (`menu`, `menuen`, `url`, `target`, `position`, `dos_usernames_username`) VALUES
('Trang chủ', 'Home page', 'default', '', 1, 'test'),
('Giới thiệu', 'About', 'about', NULL, 2, 'test'),
('Dịch vụ', 'Services', 'services', NULL, 4, 'test'),
('Sản phẩm', 'Products', 'products', NULL, 3, 'test');

-- --------------------------------------------------------

--
-- Table structure for table `dos_module_pcounter_save`
--

CREATE TABLE IF NOT EXISTS `dos_module_pcounter_save` (
  `save_name` varchar(10) NOT NULL,
  `save_value` int(11) NOT NULL,
  `dos_usernames_username` varchar(45) NOT NULL,
  KEY `fk_dos_module_pcounter_save_dos_usernames1` (`dos_usernames_username`)
) ENGINE=InnoDB DEFAULT CHARSET=utf8;

--
-- Dumping data for table `dos_module_pcounter_save`
--

INSERT INTO `dos_module_pcounter_save` (`save_name`, `save_value`, `dos_usernames_username`) VALUES
('day_time', 2455933, 'test'),
('max_count', 1, 'test'),
('counter', 18, 'test'),
('yesterday', 1, 'test');

-- --------------------------------------------------------

--
-- Table structure for table `dos_module_pcounter_users`
--

CREATE TABLE IF NOT EXISTS `dos_module_pcounter_users` (
  `user_ip` varchar(39) NOT NULL,
  `user_time` int(11) NOT NULL,
  `dos_usernames_username` varchar(45) NOT NULL,
  UNIQUE KEY `user_ip` (`user_ip`),
  KEY `fk_dos_module_pcounter_users_dos_usernames1` (`dos_usernames_username`)
) ENGINE=InnoDB DEFAULT CHARSET=utf8;

--
-- Dumping data for table `dos_module_pcounter_users`
--

INSERT INTO `dos_module_pcounter_users` (`user_ip`, `user_time`, `dos_usernames_username`) VALUES
('''127.0.0.1''', 1325839936, 'test');

-- --------------------------------------------------------

--
-- Table structure for table `dos_module_products`
--

CREATE TABLE IF NOT EXISTS `dos_module_products` (
  `record_id` int(11) NOT NULL AUTO_INCREMENT,
  `title` varchar(100) NOT NULL,
  `titleen` varchar(100) DEFAULT NULL,
  `postdate` timestamp NOT NULL DEFAULT CURRENT_TIMESTAMP,
  `pic_thumb` varchar(100) DEFAULT NULL,
  `pic_full` varchar(100) DEFAULT NULL,
  `pic_desc` varchar(200) DEFAULT NULL,
  `preview` text,
  `previewen` text,
  `detail` text NOT NULL,
  `detailen` text,
  `tag` varchar(100) NOT NULL,
  `description` varchar(250) NOT NULL,
  `hits` int(11) NOT NULL DEFAULT '0',
  `record_order` int(11) NOT NULL DEFAULT '1',
  `unit` int(11) DEFAULT NULL,
  `hot` tinyint(1) NOT NULL DEFAULT '0',
  `specials` tinyint(1) DEFAULT NULL,
  `extra_field1` varchar(100) DEFAULT NULL,
  `extra_field2` varchar(100) DEFAULT NULL,
  `extra_field3` varchar(100) DEFAULT NULL,
  `extra_field4` varchar(100) DEFAULT NULL,
  `enable` tinyint(1) NOT NULL DEFAULT '1',
  `dos_module_product_cats_cat_id` int(11) NOT NULL,
  PRIMARY KEY (`record_id`),
  KEY `fk_dos_module_products_dos_module_product_cats1` (`dos_module_product_cats_cat_id`)
) ENGINE=InnoDB  DEFAULT CHARSET=utf8 AUTO_INCREMENT=6 ;

--
-- Dumping data for table `dos_module_products`
--

INSERT INTO `dos_module_products` (`record_id`, `title`, `titleen`, `postdate`, `pic_thumb`, `pic_full`, `pic_desc`, `preview`, `previewen`, `detail`, `detailen`, `tag`, `description`, `hits`, `record_order`, `unit`, `hot`, `specials`, `extra_field1`, `extra_field2`, `extra_field3`, `extra_field4`, `enable`, `dos_module_product_cats_cat_id`) VALUES
(1, 'asdasd', NULL, '2012-01-03 16:18:13', '', '', NULL, NULL, NULL, '<p>\r\n	asdasd</p>\r\n', NULL, 'asdasd', 'asdasd', 0, 1, NULL, 0, NULL, NULL, NULL, NULL, NULL, 1, 29),
(2, 'asdasd', NULL, '2012-01-03 16:18:19', '', '', NULL, NULL, NULL, '<p>\r\n	asdasd</p>\r\n', NULL, 'asdasd', 'asdasdasd', 0, 2, NULL, 0, NULL, NULL, NULL, NULL, NULL, 1, 29),
(3, 'as', NULL, '2012-01-03 16:18:26', '', '', NULL, NULL, NULL, '<p>\r\n	asdasd</p>\r\n', NULL, 'as', 'asddasdas', 0, 3, NULL, 0, NULL, NULL, NULL, NULL, NULL, 1, 29),
(4, 'asdas', NULL, '2012-01-03 16:18:46', '', '', NULL, NULL, NULL, '<p>\r\n	dasd</p>\r\n', NULL, 'asdas', 'asdasd', 0, 4, NULL, 0, NULL, NULL, NULL, NULL, NULL, 1, 29),
(5, 'asd', NULL, '2012-01-03 16:18:51', '', '', NULL, NULL, NULL, '<p>\r\n	sdas</p>\r\n', NULL, 'asd', 'asdasd', 0, 5, NULL, 0, NULL, NULL, NULL, NULL, NULL, 1, 29);

-- --------------------------------------------------------

--
-- Table structure for table `dos_module_product_cats`
--

CREATE TABLE IF NOT EXISTS `dos_module_product_cats` (
  `cat_id` int(11) NOT NULL AUTO_INCREMENT,
  `cat_parent_id` int(11) NOT NULL DEFAULT '0',
  `cat_title` varchar(100) NOT NULL,
  `cat_titleen` varchar(100) DEFAULT NULL,
  `preview` text,
  `previewen` text,
  `tag` varchar(100) NOT NULL,
  `description` varchar(250) NOT NULL,
  `pic_full` varchar(100) DEFAULT NULL,
  `pic_desc` varchar(200) DEFAULT NULL,
  `cat_order` int(11) NOT NULL,
  `cat_extra1` varchar(45) DEFAULT NULL,
  `cat_extra2` varchar(45) DEFAULT NULL,
  `cat_enable` tinyint(1) NOT NULL DEFAULT '1',
  `dos_usernames_username` varchar(45) NOT NULL,
  PRIMARY KEY (`cat_id`),
  KEY `fk_dos_module_product_cats_dos_usernames1` (`dos_usernames_username`)
) ENGINE=InnoDB  DEFAULT CHARSET=utf8 AUTO_INCREMENT=32 ;

--
-- Dumping data for table `dos_module_product_cats`
--

INSERT INTO `dos_module_product_cats` (`cat_id`, `cat_parent_id`, `cat_title`, `cat_titleen`, `preview`, `previewen`, `tag`, `description`, `pic_full`, `pic_desc`, `cat_order`, `cat_extra1`, `cat_extra2`, `cat_enable`, `dos_usernames_username`) VALUES
(27, 29, 'Con 3', NULL, NULL, NULL, 'con-3', 'test', 'outsourced-software-testing-services.jpg', NULL, 5, NULL, NULL, 1, 'test'),
(28, 0, 'Danh mục', NULL, NULL, NULL, 'danh-muc', 'danh mục', '', NULL, 6, NULL, NULL, 1, 'test'),
(29, 0, 'Danh mục 2', NULL, NULL, NULL, 'danh-muc-2', 'test', '', NULL, 7, NULL, NULL, 1, 'test'),
(30, 29, 'Con 2', NULL, NULL, NULL, 'con-2', 'test', 'logo.jpg', NULL, 8, NULL, NULL, 1, 'test'),
(31, 28, 'asdasd', NULL, NULL, NULL, 'asdasd', 'test', 'anti-virus-software.jpg', NULL, 9, NULL, NULL, 1, 'test');

-- --------------------------------------------------------

--
-- Table structure for table `dos_module_services`
--

CREATE TABLE IF NOT EXISTS `dos_module_services` (
  `record_id` int(11) NOT NULL AUTO_INCREMENT,
  `title` varchar(100) NOT NULL,
  `titleen` varchar(100) DEFAULT NULL,
  `preview` text,
  `previewen` text,
  `content` text NOT NULL,
  `contenten` text,
  `pic_full` varchar(100) DEFAULT NULL,
  `hit` int(11) NOT NULL DEFAULT '1',
  `created` timestamp NULL DEFAULT CURRENT_TIMESTAMP,
  `record_order` int(11) NOT NULL DEFAULT '1',
  `hot` tinyint(1) NOT NULL DEFAULT '0',
  `extra_field1` varchar(45) DEFAULT NULL,
  `extra_field2` varchar(45) DEFAULT NULL,
  `tag` varchar(100) NOT NULL,
  `description` varchar(250) NOT NULL,
  `activated` tinyint(1) NOT NULL DEFAULT '1',
  `dos_usernames_username` varchar(45) NOT NULL,
  PRIMARY KEY (`record_id`),
  KEY `fk_dos_module_services_dos_usernames1` (`dos_usernames_username`)
) ENGINE=InnoDB DEFAULT CHARSET=utf8 AUTO_INCREMENT=1 ;

-- --------------------------------------------------------

--
-- Table structure for table `dos_module_supports`
--

CREATE TABLE IF NOT EXISTS `dos_module_supports` (
  `support_id` int(11) NOT NULL AUTO_INCREMENT,
  `support_name` varchar(45) NOT NULL,
  `support_phone` varchar(45) DEFAULT NULL,
  `support_value` varchar(45) NOT NULL,
  `support_order` smallint(6) NOT NULL,
  `support_type` varchar(20) NOT NULL,
  `dos_usernames_username` varchar(45) NOT NULL,
  PRIMARY KEY (`support_id`),
  KEY `fk_dos_module_supports_dos_usernames1` (`dos_usernames_username`)
) ENGINE=InnoDB  DEFAULT CHARSET=utf8 AUTO_INCREMENT=13 ;

--
-- Dumping data for table `dos_module_supports`
--

INSERT INTO `dos_module_supports` (`support_id`, `support_name`, `support_phone`, `support_value`, `support_order`, `support_type`, `dos_usernames_username`) VALUES
(12, 'Nguyễn An', '0929001001', 'thanhansoft', 1, 'yahoo', 'test');

-- --------------------------------------------------------

--
-- Table structure for table `dos_module_webs`
--

CREATE TABLE IF NOT EXISTS `dos_module_webs` (
  `web_name` varchar(45) NOT NULL,
  `web_value` varchar(1000) DEFAULT NULL,
  `dos_usernames_username` varchar(45) NOT NULL,
  KEY `fk_dos_module_webs_dos_usernames1` (`dos_usernames_username`)
) ENGINE=InnoDB DEFAULT CHARSET=utf8;

--
-- Dumping data for table `dos_module_webs`
--

INSERT INTO `dos_module_webs` (`web_name`, `web_value`, `dos_usernames_username`) VALUES
('keywords', 'keywords 123', 'test'),
('description', 'description 456', 'test'),
('title', 'Title', 'test');

-- --------------------------------------------------------

--
-- Table structure for table `dos_nationals`
--

CREATE TABLE IF NOT EXISTS `dos_nationals` (
  `national` varchar(3) NOT NULL,
  `national_name` varchar(45) NOT NULL,
  PRIMARY KEY (`national`)
) ENGINE=InnoDB DEFAULT CHARSET=utf8;

--
-- Dumping data for table `dos_nationals`
--

INSERT INTO `dos_nationals` (`national`, `national_name`) VALUES
('VND', 'Việt Nam');

-- --------------------------------------------------------

--
-- Table structure for table `dos_provinces`
--

CREATE TABLE IF NOT EXISTS `dos_provinces` (
  `province_id` int(11) NOT NULL AUTO_INCREMENT,
  `province_name` varchar(45) NOT NULL,
  `dos_nationals_national` varchar(3) NOT NULL,
  PRIMARY KEY (`province_id`),
  KEY `fk_dos_provinces_dos_nationals` (`dos_nationals_national`)
) ENGINE=InnoDB  DEFAULT CHARSET=utf8 AUTO_INCREMENT=3 ;

--
-- Dumping data for table `dos_provinces`
--

INSERT INTO `dos_provinces` (`province_id`, `province_name`, `dos_nationals_national`) VALUES
(2, 'Đồng Nai', 'VND');

-- --------------------------------------------------------

--
-- Table structure for table `dos_templates`
--

CREATE TABLE IF NOT EXISTS `dos_templates` (
  `template` varchar(6) NOT NULL,
  `template_name` varchar(45) NOT NULL,
  `created` timestamp NOT NULL DEFAULT CURRENT_TIMESTAMP,
  `description` varchar(1000) DEFAULT NULL,
  PRIMARY KEY (`template`)
) ENGINE=InnoDB DEFAULT CHARSET=utf8;

--
-- Dumping data for table `dos_templates`
--

INSERT INTO `dos_templates` (`template`, `template_name`, `created`, `description`) VALUES
('111120', 'Mẫu số 1', '2011-11-21 02:40:10', NULL);

-- --------------------------------------------------------

--
-- Table structure for table `dos_templates_has_dos_modules`
--

CREATE TABLE IF NOT EXISTS `dos_templates_has_dos_modules` (
  `dos_templates_template` varchar(6) NOT NULL,
  `dos_modules_module_id` varchar(20) NOT NULL,
  `dos_values_value_name` varchar(20) NOT NULL,
  PRIMARY KEY (`dos_templates_template`,`dos_modules_module_id`,`dos_values_value_name`),
  KEY `fk_dos_templates_has_dos_modules_dos_modules1` (`dos_modules_module_id`),
  KEY `fk_dos_templates_has_dos_modules_dos_templates1` (`dos_templates_template`),
  KEY `fk_dos_templates_has_dos_modules_dos_values1` (`dos_values_value_name`)
) ENGINE=InnoDB DEFAULT CHARSET=utf8;

--
-- Dumping data for table `dos_templates_has_dos_modules`
--

INSERT INTO `dos_templates_has_dos_modules` (`dos_templates_template`, `dos_modules_module_id`, `dos_values_value_name`) VALUES
('111120', 'about', 'menu_about'),
('111120', 'default', 'advs_left'),
('111120', 'default', 'list_supports'),
('111120', 'products', 'menu_products'),
('111120', 'services', 'menu_services');

-- --------------------------------------------------------

--
-- Table structure for table `dos_usernames`
--

CREATE TABLE IF NOT EXISTS `dos_usernames` (
  `username` varchar(45) NOT NULL,
  `email` varchar(45) NOT NULL,
  `password` varchar(45) NOT NULL,
  `created` timestamp NOT NULL DEFAULT CURRENT_TIMESTAMP,
  `fullname` varchar(45) DEFAULT NULL,
  `phone` varchar(15) DEFAULT NULL,
  `company` varchar(100) DEFAULT NULL,
  `role` varchar(45) NOT NULL,
  `language` varchar(20) NOT NULL,
  `activated` tinyint(1) NOT NULL,
  `dos_templates_template` varchar(6) NOT NULL,
  `dos_provinces_province_id` int(11) NOT NULL,
  PRIMARY KEY (`username`),
  KEY `fk_dos_usernames_dos_templates1` (`dos_templates_template`),
  KEY `fk_dos_usernames_dos_provinces1` (`dos_provinces_province_id`)
) ENGINE=InnoDB DEFAULT CHARSET=utf8;

--
-- Dumping data for table `dos_usernames`
--

INSERT INTO `dos_usernames` (`username`, `email`, `password`, `created`, `fullname`, `phone`, `company`, `role`, `language`, `activated`, `dos_templates_template`, `dos_provinces_province_id`) VALUES
('test', 'test@test.com', '098f6bcd4621d373cade4e832627b4f6', '2011-11-21 02:40:55', 'Test', '0929001001', 'ThuongHoi', 'user', 'vi|en', 1, '111120', 2);

-- --------------------------------------------------------

--
-- Table structure for table `dos_usernames_has_dos_modules`
--

CREATE TABLE IF NOT EXISTS `dos_usernames_has_dos_modules` (
  `dos_usernames_username` varchar(45) NOT NULL,
  `dos_modules_module_id` varchar(20) NOT NULL,
  `dos_values_value_name` varchar(20) NOT NULL,
  PRIMARY KEY (`dos_usernames_username`,`dos_modules_module_id`,`dos_values_value_name`),
  KEY `fk_dos_usernames_has_dos_modules_dos_modules1` (`dos_modules_module_id`),
  KEY `fk_dos_usernames_has_dos_modules_dos_usernames1` (`dos_usernames_username`),
  KEY `fk_dos_usernames_has_dos_modules_dos_values1` (`dos_values_value_name`)
) ENGINE=InnoDB DEFAULT CHARSET=utf8;

-- --------------------------------------------------------

--
-- Table structure for table `dos_user_langs`
--

CREATE TABLE IF NOT EXISTS `dos_user_langs` (
  `lang_name` varchar(30) NOT NULL,
  `lang` varchar(200) NOT NULL,
  `langen` varchar(200) DEFAULT NULL,
  `dos_usernames_username` varchar(45) NOT NULL,
  PRIMARY KEY (`lang_name`),
  KEY `fk_dos_user_langs_dos_usernames1` (`dos_usernames_username`)
) ENGINE=InnoDB DEFAULT CHARSET=utf8;

--
-- Dumping data for table `dos_user_langs`
--

INSERT INTO `dos_user_langs` (`lang_name`, `lang`, `langen`, `dos_usernames_username`) VALUES
('about', 'Gioi thieu cua tui', 'About me', 'test');

-- --------------------------------------------------------

--
-- Table structure for table `dos_values`
--

CREATE TABLE IF NOT EXISTS `dos_values` (
  `value_name` varchar(20) NOT NULL,
  `module_id` varchar(20) NOT NULL,
  `function_name` varchar(20) NOT NULL,
  PRIMARY KEY (`value_name`)
) ENGINE=InnoDB DEFAULT CHARSET=utf8;

--
-- Dumping data for table `dos_values`
--

INSERT INTO `dos_values` (`value_name`, `module_id`, `function_name`) VALUES
('advs_left', 'Advs', 'listItemsLeft'),
('list_supports', 'Supports', 'listItem'),
('menu_about', 'About', 'listMenu'),
('menu_products', 'ProductCats', 'listItem'),
('menu_services', 'Services', 'listMenu');

--
-- Constraints for dumped tables
--

--
-- Constraints for table `dos_configs`
--
ALTER TABLE `dos_configs`
  ADD CONSTRAINT `fk_dos_configs_dos_templates1` FOREIGN KEY (`dos_templates_template`) REFERENCES `dos_templates` (`template`) ON DELETE NO ACTION ON UPDATE NO ACTION;

--
-- Constraints for table `dos_modules_has_dos_usernames`
--
ALTER TABLE `dos_modules_has_dos_usernames`
  ADD CONSTRAINT `fk_dos_modules_has_dos_usernames_dos_modules1` FOREIGN KEY (`dos_modules_module_id`) REFERENCES `dos_modules` (`module_id`) ON DELETE NO ACTION ON UPDATE NO ACTION,
  ADD CONSTRAINT `fk_dos_modules_has_dos_usernames_dos_usernames1` FOREIGN KEY (`dos_usernames_username`) REFERENCES `dos_usernames` (`username`) ON DELETE NO ACTION ON UPDATE NO ACTION;

--
-- Constraints for table `dos_module_abouts`
--
ALTER TABLE `dos_module_abouts`
  ADD CONSTRAINT `fk_dos_module_abouts_dos_usernames1` FOREIGN KEY (`dos_usernames_username`) REFERENCES `dos_usernames` (`username`) ON DELETE NO ACTION ON UPDATE NO ACTION;

--
-- Constraints for table `dos_module_advs`
--
ALTER TABLE `dos_module_advs`
  ADD CONSTRAINT `fk_dos_module_advs_dos_usernames1` FOREIGN KEY (`dos_usernames_username`) REFERENCES `dos_usernames` (`username`) ON DELETE NO ACTION ON UPDATE NO ACTION;

--
-- Constraints for table `dos_module_banners`
--
ALTER TABLE `dos_module_banners`
  ADD CONSTRAINT `fk_dos_module_banners_dos_usernames1` FOREIGN KEY (`dos_usernames_username`) REFERENCES `dos_usernames` (`username`) ON DELETE NO ACTION ON UPDATE NO ACTION;

--
-- Constraints for table `dos_module_menus`
--
ALTER TABLE `dos_module_menus`
  ADD CONSTRAINT `fk_dos_module_menus_dos_usernames1` FOREIGN KEY (`dos_usernames_username`) REFERENCES `dos_usernames` (`username`) ON DELETE NO ACTION ON UPDATE NO ACTION;

--
-- Constraints for table `dos_module_pcounter_save`
--
ALTER TABLE `dos_module_pcounter_save`
  ADD CONSTRAINT `fk_dos_module_pcounter_save_dos_usernames1` FOREIGN KEY (`dos_usernames_username`) REFERENCES `dos_usernames` (`username`) ON DELETE NO ACTION ON UPDATE NO ACTION;

--
-- Constraints for table `dos_module_pcounter_users`
--
ALTER TABLE `dos_module_pcounter_users`
  ADD CONSTRAINT `fk_dos_module_pcounter_users_dos_usernames1` FOREIGN KEY (`dos_usernames_username`) REFERENCES `dos_usernames` (`username`) ON DELETE NO ACTION ON UPDATE NO ACTION;

--
-- Constraints for table `dos_module_products`
--
ALTER TABLE `dos_module_products`
  ADD CONSTRAINT `fk_dos_module_products_dos_module_product_cats1` FOREIGN KEY (`dos_module_product_cats_cat_id`) REFERENCES `dos_module_product_cats` (`cat_id`) ON DELETE NO ACTION ON UPDATE NO ACTION;

--
-- Constraints for table `dos_module_product_cats`
--
ALTER TABLE `dos_module_product_cats`
  ADD CONSTRAINT `fk_dos_module_product_cats_dos_usernames1` FOREIGN KEY (`dos_usernames_username`) REFERENCES `dos_usernames` (`username`) ON DELETE NO ACTION ON UPDATE NO ACTION;

--
-- Constraints for table `dos_module_services`
--
ALTER TABLE `dos_module_services`
  ADD CONSTRAINT `fk_dos_module_services_dos_usernames1` FOREIGN KEY (`dos_usernames_username`) REFERENCES `dos_usernames` (`username`) ON DELETE NO ACTION ON UPDATE NO ACTION;

--
-- Constraints for table `dos_module_supports`
--
ALTER TABLE `dos_module_supports`
  ADD CONSTRAINT `fk_dos_module_supports_dos_usernames1` FOREIGN KEY (`dos_usernames_username`) REFERENCES `dos_usernames` (`username`) ON DELETE NO ACTION ON UPDATE NO ACTION;

--
-- Constraints for table `dos_module_webs`
--
ALTER TABLE `dos_module_webs`
  ADD CONSTRAINT `fk_dos_module_webs_dos_usernames1` FOREIGN KEY (`dos_usernames_username`) REFERENCES `dos_usernames` (`username`) ON DELETE NO ACTION ON UPDATE NO ACTION;

--
-- Constraints for table `dos_provinces`
--
ALTER TABLE `dos_provinces`
  ADD CONSTRAINT `fk_dos_provinces_dos_nationals` FOREIGN KEY (`dos_nationals_national`) REFERENCES `dos_nationals` (`national`) ON DELETE NO ACTION ON UPDATE NO ACTION;

--
-- Constraints for table `dos_templates_has_dos_modules`
--
ALTER TABLE `dos_templates_has_dos_modules`
  ADD CONSTRAINT `fk_dos_templates_has_dos_modules_dos_modules1` FOREIGN KEY (`dos_modules_module_id`) REFERENCES `dos_modules` (`module_id`) ON DELETE NO ACTION ON UPDATE NO ACTION,
  ADD CONSTRAINT `fk_dos_templates_has_dos_modules_dos_templates1` FOREIGN KEY (`dos_templates_template`) REFERENCES `dos_templates` (`template`) ON DELETE NO ACTION ON UPDATE NO ACTION,
  ADD CONSTRAINT `fk_dos_templates_has_dos_modules_dos_values1` FOREIGN KEY (`dos_values_value_name`) REFERENCES `dos_values` (`value_name`) ON DELETE NO ACTION ON UPDATE NO ACTION;

--
-- Constraints for table `dos_usernames`
--
ALTER TABLE `dos_usernames`
  ADD CONSTRAINT `fk_dos_usernames_dos_provinces1` FOREIGN KEY (`dos_provinces_province_id`) REFERENCES `dos_provinces` (`province_id`) ON DELETE NO ACTION ON UPDATE NO ACTION,
  ADD CONSTRAINT `fk_dos_usernames_dos_templates1` FOREIGN KEY (`dos_templates_template`) REFERENCES `dos_templates` (`template`) ON DELETE NO ACTION ON UPDATE NO ACTION;

--
-- Constraints for table `dos_usernames_has_dos_modules`
--
ALTER TABLE `dos_usernames_has_dos_modules`
  ADD CONSTRAINT `fk_dos_usernames_has_dos_modules_dos_modules1` FOREIGN KEY (`dos_modules_module_id`) REFERENCES `dos_modules` (`module_id`) ON DELETE NO ACTION ON UPDATE NO ACTION,
  ADD CONSTRAINT `fk_dos_usernames_has_dos_modules_dos_usernames1` FOREIGN KEY (`dos_usernames_username`) REFERENCES `dos_usernames` (`username`) ON DELETE NO ACTION ON UPDATE NO ACTION,
  ADD CONSTRAINT `fk_dos_usernames_has_dos_modules_dos_values1` FOREIGN KEY (`dos_values_value_name`) REFERENCES `dos_values` (`value_name`) ON DELETE NO ACTION ON UPDATE NO ACTION;

--
-- Constraints for table `dos_user_langs`
--
ALTER TABLE `dos_user_langs`
  ADD CONSTRAINT `fk_dos_user_langs_dos_usernames1` FOREIGN KEY (`dos_usernames_username`) REFERENCES `dos_usernames` (`username`) ON DELETE NO ACTION ON UPDATE NO ACTION;

/*!40101 SET CHARACTER_SET_CLIENT=@OLD_CHARACTER_SET_CLIENT */;
/*!40101 SET CHARACTER_SET_RESULTS=@OLD_CHARACTER_SET_RESULTS */;
/*!40101 SET COLLATION_CONNECTION=@OLD_COLLATION_CONNECTION */;
