-- phpMyAdmin SQL Dump
-- version 3.4.5
-- http://www.phpmyadmin.net
--
-- Host: localhost
-- Generation Time: Aug 20, 2012 at 10:27 AM
-- Server version: 5.5.16
-- PHP Version: 5.3.8

SET SQL_MODE="NO_AUTO_VALUE_ON_ZERO";
SET time_zone = "+00:00";


/*!40101 SET @OLD_CHARACTER_SET_CLIENT=@@CHARACTER_SET_CLIENT */;
/*!40101 SET @OLD_CHARACTER_SET_RESULTS=@@CHARACTER_SET_RESULTS */;
/*!40101 SET @OLD_COLLATION_CONNECTION=@@COLLATION_CONNECTION */;
/*!40101 SET NAMES utf8 */;

--
-- Database: `tuanngocnhi`
--

-- --------------------------------------------------------

--
-- Table structure for table `dos_bussiness`
--

CREATE TABLE IF NOT EXISTS `dos_bussiness` (
  `bussiness_id` varchar(100) NOT NULL,
  `bussiness_name` varchar(100) NOT NULL,
  `cat_parent_id` varchar(100) NOT NULL,
  PRIMARY KEY (`bussiness_id`)
) ENGINE=InnoDB DEFAULT CHARSET=utf8;

--
-- Dumping data for table `dos_bussiness`
--

INSERT INTO `dos_bussiness` (`bussiness_id`, `bussiness_name`, `cat_parent_id`) VALUES
('am-thuc-drink', 'Ẩm thực - Đồ uống', 'root'),
('bds-kien-truc-xay-dung', 'BĐS - kiến trúc - xây dựng', 'root'),
('co-khi-may-moc-thiet-bi', 'Cơ khí - Máy móc - Thiết bị', 'root'),
('cong-nghe-thong-tin-vien-thong', 'Công nghệ thông tin - viễn thông', 'root'),
('du-lich', 'Du lịch', 'root'),
('giao-duc-dao-tao', 'Giáo dục - đào tạo', 'root'),
('hoa-tuoi', 'Hoa tươi', 'root'),
('luat-ke-toan', 'Luật - kế toán', 'root'),
('nha-hang-cafe', 'Nhà hàng - Cafe', 'root'),
('noi-that-ngoai-that', 'Nội thất - Ngoại thất', 'root'),
('tham-my-vien', 'Thẩm mỹ viện', 'root'),
('thoi-trang', 'Thời trang', 'root'),
('tranh-anh-qua-luu-niem', 'Tranh ảnh - quà lưu niệm', 'root');

-- --------------------------------------------------------

--
-- Table structure for table `dos_configs`
--

CREATE TABLE IF NOT EXISTS `dos_configs` (
  `config_name` varchar(30) NOT NULL,
  `config_value` int(11) NOT NULL,
  `config_desc` varchar(50) DEFAULT NULL,
  `dos_templates_template` varchar(6) NOT NULL,
  PRIMARY KEY (`config_name`,`dos_templates_template`),
  KEY `fk_dos_configs_dos_templates1` (`dos_templates_template`)
) ENGINE=InnoDB DEFAULT CHARSET=utf8;

--
-- Dumping data for table `dos_configs`
--

INSERT INTO `dos_configs` (`config_name`, `config_value`, `config_desc`, `dos_templates_template`) VALUES
('advs_left_height', 240, '', '020512'),
('advs_left_width', 180, '', '020512'),
('banner_height', 450, '', '020512'),
('banner_width', 960, '', '020512'),
('logo_height', 60, '', '020512'),
('logo_width', 440, '', '020512'),
('max_image_height', 670, '', '020512'),
('max_image_width', 720, '', '020512'),
('news_cat_height', 100, '', '020512'),
('news_cat_width', 143, '', '020512'),
('news_height_thumb', 100, '', '020512'),
('news_num_paging_cat', 10, '', '020512'),
('news_num_paging_hot', 6, '', '020512'),
('news_num_paging_index', 10, '', '020512'),
('news_num_paging_new', 6, '', '020512'),
('news_width_thumb', 143, '', '020512'),
('products_cat_height', 210, '', '020512'),
('products_cat_width', 302, '', '020512'),
('products_height', 500, '', '020512'),
('products_height_thumb', 210, '', '020512'),
('products_num_paging_cat', 20, '', '020512'),
('products_num_paging_hot', 20, '', '020512'),
('products_num_paging_new', 20, '', '020512'),
('products_num_paging_other', 4, '', '020512'),
('products_width', 500, '', '020512'),
('products_width_thumb', 302, '', '020512'),
('services_height', 170, '', '020512'),
('services_width', 170, '', '020512'),
('video_height_thumb', 210, '', '020512'),
('video_num_paging_cat', 16, '', '020512'),
('video_num_paging_index', 16, '', '020512'),
('video_width_thumb', 302, '', '020512');

-- --------------------------------------------------------

--
-- Table structure for table `dos_features`
--

CREATE TABLE IF NOT EXISTS `dos_features` (
  `feature_id` varchar(45) NOT NULL,
  `feature_name` varchar(45) NOT NULL,
  PRIMARY KEY (`feature_id`)
) ENGINE=InnoDB DEFAULT CHARSET=utf8;

--
-- Dumping data for table `dos_features`
--

INSERT INTO `dos_features` (`feature_id`, `feature_name`) VALUES
('gioi-thieu-dich-vu', 'Giới thiệu dịch vụ'),
('gioi-thieu-san-pham', 'Giới thiệu sản phẩm');

-- --------------------------------------------------------

--
-- Table structure for table `dos_langs`
--

CREATE TABLE IF NOT EXISTS `dos_langs` (
  `lang_name` varchar(30) NOT NULL,
  `lang` varchar(200) NOT NULL,
  `langen` varchar(200) DEFAULT NULL,
  `admin` tinyint(1) NOT NULL DEFAULT '0',
  PRIMARY KEY (`lang_name`)
) ENGINE=InnoDB DEFAULT CHARSET=utf8;

--
-- Dumping data for table `dos_langs`
--

INSERT INTO `dos_langs` (`lang_name`, `lang`, `langen`, `admin`) VALUES
('about', 'Giới thiệu', 'About us', 0),
('actions', 'Thao tác', 'Actions', 1),
('addcart', 'Đặt hàng', 'Add to Cart', 0),
('address1', 'Địa chỉ công ty', 'Company address', 0),
('address2', 'Địa chỉ chi nhánh', 'Branch Address', 0),
('add_new', 'Thêm mới', 'Add new', 1),
('add_row', 'Thêm dòng', 'Add row', 1),
('advs', 'Quảng cáo', 'Adv', 0),
('banner', 'Logo &amp; Banner', 'Logo &amp; Banner', 0),
('cancel', 'Hủy bỏ', 'Cancel', 1),
('cart', 'Giỏ hàng', 'Cart', 0),
('cat_parent', 'Phân loại', 'Category', 1),
('cat_title', 'Danh mục', 'Category', 0),
('cat_titleen', 'Danh mục En', 'Category', 1),
('company_name', 'Công ty cổ phần Thương Hội', 'Thuong Hoi JSC', 0),
('company_name_footer', 'Công ty cổ phần Thương Hội', 'Thuong Hoi JSC', 0),
('company_phone', 'Phone: 0929001001 (An)', 'Phone: 0929001001 (An)', 0),
('contact', 'Liên hệ', 'Contact', 0),
('contactSuccess', 'Cảm ơn bạn đã liên hệ với chúng tôi. Nhân viên chúng tôi sẽ liên hệ với bạn trong thời gian sớm nhất.', 'Thank you for contacting us. We will respond to you as soon as possible.', 0),
('contact_msg', 'Quý khách có thể liên hệ với chúng tôi bằng cách điền đầy đủ thông tin vào mẫu sau:', 'Complete the form below to contact us:', 0),
('content', 'Nội dung', 'Content', 1),
('contenten', 'Nội dung En', 'Content En', 1),
('copyright', 'Copyright © 2012 by Dos.vn', 'Copyright © 2012 by Dos.vn', 0),
('counter', 'Thống kê truy cập', 'Online counter', 0),
('create_date', 'Ngày tạo', 'Create date', 1),
('default', 'Trang chủ', 'Home page', 0),
('delete', 'Xóa', 'Delete', 1),
('description', 'Mô tả', 'Decription', 0),
('descriptionen', 'Mô tả En', 'Description', 1),
('detail', 'Chi tiết', 'Detail', 0),
('developed', 'Phát triển bởi', 'Developed by', 0),
('edit', 'Chỉnh sửa', 'Edit', 1),
('en', 'English', 'English', 0),
('hidden', 'Ẩn', 'Hidden', 1),
('hot', 'Nổi bật', 'Hot', 0),
('new', 'Mới', 'New', 0),
('news', 'Tin tức & sự kiện', 'News & Events', 0),
('normal', 'Bình thường', 'Normal', 1),
('no_record', 'Không tồn tại mẫu tin', 'No record', 0),
('order', 'Thứ tự', 'Order', 1),
('other', 'Khác', 'Other', 0),
('picture', 'Hình ảnh', 'Picture', 1),
('pic_desc', 'Hình mô tả', 'Picture decription', 0),
('pic_full', 'Hình lớn', 'Picture large', 1),
('pic_thumb', 'Hình thu nhỏ', 'Picture thumbnail', 1),
('preview', 'Giới thiệu sơ lược', 'Preview', 1),
('previewen', 'Giới thiệu sơ lược En', 'Preview', 1),
('products', 'Sản phẩm', 'Products', 0),
('read_more', 'Xem tiếp', 'Read more', 0),
('remove_pic', 'Xóa ảnh này', 'Delete this picture', 1),
('services', 'Dịch vụ', 'Services', 0),
('show', 'Hiển thị', 'Show', 1),
('sort', 'Sắp xếp', 'Sort', 1),
('supports', 'Hỗ trợ trực tuyến', 'Online support', 0),
('synchronous', 'Đồng bộ', 'Synchronous', 1),
('tag', 'Liên kết', 'Link', 1),
('tagen', 'Liên kết En', 'Link', 1),
('title', 'Tiêu đề', 'Title', 1),
('titleen', 'Tiêu đề En', 'Title En', 1),
('update', 'Cập nhật', 'Update', 1),
('vi', 'Tiếng Việt', 'Tiếng Việt', 0),
('video', 'Video', 'Video', 0),
('views', 'Lượt xem', 'Views', 1);

-- --------------------------------------------------------

--
-- Table structure for table `dos_loadfiles`
--

CREATE TABLE IF NOT EXISTS `dos_loadfiles` (
  `dos_templates_template` varchar(6) NOT NULL,
  `dos_modules_module_id` varchar(20) NOT NULL,
  `loadfiles` varchar(200) NOT NULL,
  `typefile` varchar(45) NOT NULL,
  PRIMARY KEY (`dos_templates_template`,`dos_modules_module_id`,`typefile`),
  KEY `fk_dos_templates_has_dos_modules1_dos_modules1` (`dos_modules_module_id`),
  KEY `fk_dos_templates_has_dos_modules1_dos_templates1` (`dos_templates_template`)
) ENGINE=InnoDB DEFAULT CHARSET=utf8;

--
-- Dumping data for table `dos_loadfiles`
--

INSERT INTO `dos_loadfiles` (`dos_templates_template`, `dos_modules_module_id`, `loadfiles`, `typefile`) VALUES
('020512', 'products', 'prettyPhoto.css', 'css'),
('020512', 'products', 'jquery.prettyPhoto.js', 'javascript'),
('020512', 'video', 'prettyPhoto.css', 'css'),
('020512', 'video', 'jquery.prettyPhoto.js', 'javascript');

-- --------------------------------------------------------

--
-- Table structure for table `dos_modules`
--

CREATE TABLE IF NOT EXISTS `dos_modules` (
  `module_id` varchar(20) NOT NULL,
  `module_url` varchar(45) DEFAULT NULL,
  `module_title` varchar(45) DEFAULT NULL,
  `module_sort` tinyint(4) NOT NULL,
  `module_type` tinyint(1) NOT NULL,
  PRIMARY KEY (`module_id`)
) ENGINE=InnoDB DEFAULT CHARSET=utf8;

--
-- Dumping data for table `dos_modules`
--

INSERT INTO `dos_modules` (`module_id`, `module_url`, `module_title`, `module_sort`, `module_type`) VALUES
('about', 'about', 'Danh sách', 2, 1),
('advs', 'advs', 'Danh sách', 8, 0),
('banner', 'banner', 'Danh sách', 9, 0),
('contact', 'contact', 'Danh sách', 7, 1),
('default', '', '', 1, 1),
('news', 'news/cats|news', 'Danh mục|Danh sách', 5, 1),
('products', 'products/cats|products', 'Danh mục|Danh sách', 3, 1),
('services', 'services', 'Danh sách', 4, 1),
('supports', 'supports', 'Danh sách', 10, 0),
('video', 'video/cats|video', 'Danh mục|Danh sách', 6, 1);

-- --------------------------------------------------------

--
-- Table structure for table `dos_modules_has_dos_usernames`
--

CREATE TABLE IF NOT EXISTS `dos_modules_has_dos_usernames` (
  `dos_modules_module_id` varchar(20) NOT NULL,
  `dos_usernames_username` varchar(45) NOT NULL,
  PRIMARY KEY (`dos_modules_module_id`,`dos_usernames_username`),
  KEY `fk_dos_modules_has_dos_usernames_dos_usernames1` (`dos_usernames_username`),
  KEY `fk_dos_modules_has_dos_usernames_dos_modules1` (`dos_modules_module_id`)
) ENGINE=InnoDB DEFAULT CHARSET=utf8;

--
-- Dumping data for table `dos_modules_has_dos_usernames`
--

INSERT INTO `dos_modules_has_dos_usernames` (`dos_modules_module_id`, `dos_usernames_username`) VALUES
('about', 'tuanngocnhi'),
('advs', 'tuanngocnhi'),
('banner', 'tuanngocnhi'),
('contact', 'tuanngocnhi'),
('news', 'tuanngocnhi'),
('products', 'tuanngocnhi'),
('services', 'tuanngocnhi'),
('supports', 'tuanngocnhi'),
('video', 'tuanngocnhi');

-- --------------------------------------------------------

--
-- Table structure for table `dos_module_abouts`
--

CREATE TABLE IF NOT EXISTS `dos_module_abouts` (
  `record_id` int(11) NOT NULL AUTO_INCREMENT,
  `title` varchar(100) NOT NULL,
  `titleen` varchar(100) DEFAULT NULL,
  `content` text NOT NULL,
  `contenten` text,
  `hit` int(11) NOT NULL DEFAULT '0',
  `created` timestamp NOT NULL DEFAULT CURRENT_TIMESTAMP,
  `record_order` smallint(6) NOT NULL DEFAULT '1',
  `hot` tinyint(1) NOT NULL DEFAULT '0',
  `extra_field1` varchar(45) DEFAULT NULL,
  `extra_field2` varchar(45) DEFAULT NULL,
  `tag` varchar(100) NOT NULL,
  `tagen` varchar(100) DEFAULT NULL,
  `description` varchar(250) DEFAULT NULL,
  `descriptionen` varchar(250) DEFAULT NULL,
  `activated` tinyint(1) NOT NULL DEFAULT '1',
  `dos_usernames_username` varchar(45) NOT NULL,
  PRIMARY KEY (`record_id`),
  KEY `fk_dos_module_abouts_dos_usernames1` (`dos_usernames_username`),
  KEY `tag` (`tag`)
) ENGINE=InnoDB  DEFAULT CHARSET=utf8 AUTO_INCREMENT=188 ;

-- --------------------------------------------------------

--
-- Table structure for table `dos_module_advs`
--

CREATE TABLE IF NOT EXISTS `dos_module_advs` (
  `record_id` int(11) NOT NULL AUTO_INCREMENT,
  `title` varchar(100) NOT NULL,
  `titleen` varchar(100) DEFAULT NULL,
  `pic_thumb` varchar(50) NOT NULL,
  `url` varchar(200) NOT NULL,
  `create_date` timestamp NOT NULL DEFAULT CURRENT_TIMESTAMP,
  `start_date` timestamp NOT NULL DEFAULT '0000-00-00 00:00:00',
  `end_date` timestamp NOT NULL DEFAULT '0000-00-00 00:00:00',
  `hits` int(11) NOT NULL DEFAULT '0',
  `record_order` int(11) DEFAULT '1',
  `position` varchar(45) NOT NULL,
  `type` varchar(45) DEFAULT NULL,
  `enable` tinyint(1) NOT NULL DEFAULT '1',
  `dos_usernames_username` varchar(45) NOT NULL,
  PRIMARY KEY (`record_id`),
  KEY `fk_dos_module_advs_dos_usernames1` (`dos_usernames_username`)
) ENGINE=InnoDB  DEFAULT CHARSET=utf8 AUTO_INCREMENT=444 ;

-- --------------------------------------------------------

--
-- Table structure for table `dos_module_banners`
--

CREATE TABLE IF NOT EXISTS `dos_module_banners` (
  `banner_id` int(11) NOT NULL AUTO_INCREMENT,
  `banner_date` timestamp NOT NULL DEFAULT CURRENT_TIMESTAMP,
  `banner_name` varchar(45) NOT NULL,
  `banner_url` varchar(45) NOT NULL,
  `banner_link` varchar(200) DEFAULT NULL,
  `banner_order` int(11) NOT NULL DEFAULT '1',
  `banner_type` varchar(10) NOT NULL,
  `position` varchar(20) NOT NULL,
  `enable` tinyint(1) NOT NULL DEFAULT '1',
  `dos_usernames_username` varchar(45) NOT NULL,
  PRIMARY KEY (`banner_id`),
  KEY `fk_dos_module_banners_dos_usernames1` (`dos_usernames_username`)
) ENGINE=InnoDB  DEFAULT CHARSET=utf8 AUTO_INCREMENT=1717 ;

-- --------------------------------------------------------

--
-- Table structure for table `dos_module_contacts`
--

CREATE TABLE IF NOT EXISTS `dos_module_contacts` (
  `record_id` int(11) NOT NULL AUTO_INCREMENT,
  `title` varchar(100) NOT NULL,
  `titleen` varchar(100) DEFAULT NULL,
  `content` text NOT NULL,
  `contenten` text,
  `create_date` timestamp NOT NULL DEFAULT CURRENT_TIMESTAMP,
  `record_order` smallint(6) NOT NULL DEFAULT '1',
  `hit` int(11) NOT NULL DEFAULT '0',
  `hot` tinyint(1) NOT NULL DEFAULT '0',
  `tag` varchar(100) NOT NULL,
  `tagen` varchar(100) DEFAULT NULL,
  `description` varchar(250) DEFAULT NULL,
  `descriptionen` varchar(250) DEFAULT NULL,
  `enable` varchar(45) NOT NULL DEFAULT '1',
  `dos_usernames_username` varchar(45) NOT NULL,
  PRIMARY KEY (`record_id`),
  KEY `fk_dos_module_contacts_dos_usernames1` (`dos_usernames_username`)
) ENGINE=InnoDB  DEFAULT CHARSET=utf8 AUTO_INCREMENT=26 ;

-- --------------------------------------------------------

--
-- Table structure for table `dos_module_menus`
--

CREATE TABLE IF NOT EXISTS `dos_module_menus` (
  `menu` varchar(50) NOT NULL,
  `menuen` varchar(50) DEFAULT NULL,
  `url` varchar(100) DEFAULT NULL,
  `target` varchar(20) DEFAULT NULL,
  `position` tinyint(4) DEFAULT NULL,
  `title` varchar(100) DEFAULT NULL,
  `titleen` varchar(100) DEFAULT NULL,
  `description` varchar(250) DEFAULT NULL,
  `descriptionen` varchar(250) DEFAULT NULL,
  `dos_usernames_username` varchar(45) NOT NULL,
  KEY `fk_dos_module_menus_dos_usernames1` (`dos_usernames_username`)
) ENGINE=InnoDB DEFAULT CHARSET=utf8;

--
-- Dumping data for table `dos_module_menus`
--

INSERT INTO `dos_module_menus` (`menu`, `menuen`, `url`, `target`, `position`, `title`, `titleen`, `description`, `descriptionen`, `dos_usernames_username`) VALUES
('Trang chủ', '', 'default', '', 1, NULL, NULL, NULL, NULL, 'tuanngocnhi'),
('Giới thiệu', '', 'about', '', 2, NULL, NULL, NULL, NULL, 'tuanngocnhi'),
('Sản phẩm', '', 'products', '', 3, NULL, NULL, NULL, NULL, 'tuanngocnhi'),
('Xi mạ', '', 'services', '', 4, NULL, NULL, NULL, NULL, 'tuanngocnhi'),
('Nổi bật', '', 'video', '', 5, NULL, NULL, NULL, NULL, 'tuanngocnhi'),
('Sự kiện', '', 'news', '', 6, NULL, NULL, NULL, NULL, 'tuanngocnhi'),
('Liên hệ', '', 'contact', '', 7, NULL, NULL, NULL, NULL, 'tuanngocnhi');

-- --------------------------------------------------------

--
-- Table structure for table `dos_module_news`
--

CREATE TABLE IF NOT EXISTS `dos_module_news` (
  `record_id` int(11) NOT NULL AUTO_INCREMENT,
  `title` varchar(100) NOT NULL,
  `titleen` varchar(100) DEFAULT NULL,
  `postdate` timestamp NOT NULL DEFAULT CURRENT_TIMESTAMP,
  `pic_thumb` varchar(100) DEFAULT NULL,
  `preview` text,
  `previewen` text,
  `content` text NOT NULL,
  `contenten` text,
  `tag` varchar(100) NOT NULL,
  `tagen` varchar(100) DEFAULT NULL,
  `description` varchar(250) DEFAULT NULL,
  `descriptionen` varchar(250) DEFAULT NULL,
  `hits` int(11) NOT NULL DEFAULT '0',
  `record_order` int(11) NOT NULL DEFAULT '1',
  `hot` tinyint(1) NOT NULL DEFAULT '0',
  `extra_field1` varchar(100) DEFAULT NULL,
  `extra_field2` varchar(100) DEFAULT NULL,
  `enable` tinyint(1) NOT NULL DEFAULT '1',
  `dos_module_item_cat_cat_id` int(11) NOT NULL,
  PRIMARY KEY (`record_id`),
  KEY `fk_dos_module_news_dos_module_news_cat1` (`dos_module_item_cat_cat_id`)
) ENGINE=InnoDB  DEFAULT CHARSET=utf8 AUTO_INCREMENT=242 ;

-- --------------------------------------------------------

--
-- Table structure for table `dos_module_news_cat`
--

CREATE TABLE IF NOT EXISTS `dos_module_news_cat` (
  `cat_id` int(11) NOT NULL AUTO_INCREMENT,
  `cat_parent_id` int(11) NOT NULL DEFAULT '0',
  `cat_title` varchar(100) NOT NULL,
  `cat_titleen` varchar(100) DEFAULT NULL,
  `preview` text,
  `previewen` text,
  `tag` varchar(100) NOT NULL,
  `tagen` varchar(100) DEFAULT NULL,
  `description` varchar(250) DEFAULT NULL,
  `descriptionen` varchar(250) DEFAULT NULL,
  `pic_full` varchar(100) DEFAULT NULL,
  `cat_order` int(11) NOT NULL,
  `cat_extra1` varchar(45) DEFAULT NULL,
  `cat_extra2` varchar(45) DEFAULT NULL,
  `cat_enable` tinyint(1) NOT NULL DEFAULT '1',
  `dos_usernames_username` varchar(45) NOT NULL,
  PRIMARY KEY (`cat_id`),
  KEY `fk_dos_module_news_cat_dos_usernames1` (`dos_usernames_username`)
) ENGINE=InnoDB  DEFAULT CHARSET=utf8 AUTO_INCREMENT=147 ;

-- --------------------------------------------------------

--
-- Table structure for table `dos_module_pcounter_save`
--

CREATE TABLE IF NOT EXISTS `dos_module_pcounter_save` (
  `save_name` varchar(10) NOT NULL,
  `save_value` int(11) NOT NULL
) ENGINE=InnoDB DEFAULT CHARSET=utf8;

--
-- Dumping data for table `dos_module_pcounter_save`
--

INSERT INTO `dos_module_pcounter_save` (`save_name`, `save_value`) VALUES
('day_time', 2456160),
('max_count', 1),
('counter', 3),
('yesterday', 0);

-- --------------------------------------------------------

--
-- Table structure for table `dos_module_pcounter_users`
--

CREATE TABLE IF NOT EXISTS `dos_module_pcounter_users` (
  `user_ip` varchar(39) NOT NULL,
  `user_time` int(11) NOT NULL
) ENGINE=InnoDB DEFAULT CHARSET=utf8;

--
-- Dumping data for table `dos_module_pcounter_users`
--

INSERT INTO `dos_module_pcounter_users` (`user_ip`, `user_time`) VALUES
('''127.0.0.1''', 1345450662);

-- --------------------------------------------------------

--
-- Table structure for table `dos_module_products`
--

CREATE TABLE IF NOT EXISTS `dos_module_products` (
  `record_id` int(11) NOT NULL AUTO_INCREMENT,
  `title` varchar(100) NOT NULL,
  `titleen` varchar(100) DEFAULT NULL,
  `postdate` timestamp NOT NULL DEFAULT CURRENT_TIMESTAMP,
  `pic_thumb` varchar(100) DEFAULT NULL,
  `pic_full` varchar(100) DEFAULT NULL,
  `pic_desc` varchar(200) DEFAULT NULL,
  `preview` text,
  `previewen` text,
  `content` text NOT NULL,
  `contenten` text,
  `tag` varchar(100) NOT NULL,
  `tagen` varchar(100) DEFAULT NULL,
  `description` varchar(250) DEFAULT NULL,
  `descriptionen` varchar(250) DEFAULT NULL,
  `hits` int(11) NOT NULL DEFAULT '0',
  `record_order` int(11) NOT NULL DEFAULT '1',
  `unit` varchar(45) DEFAULT NULL,
  `hot` tinyint(1) NOT NULL DEFAULT '0',
  `specials` tinyint(1) DEFAULT NULL,
  `extra_field1` varchar(100) DEFAULT NULL,
  `extra_field2` varchar(100) DEFAULT NULL,
  `extra_field3` varchar(100) DEFAULT NULL,
  `extra_field4` varchar(100) DEFAULT NULL,
  `enable` tinyint(1) NOT NULL DEFAULT '1',
  `dos_module_item_cat_cat_id` int(11) NOT NULL,
  PRIMARY KEY (`record_id`),
  KEY `fk_dos_module_products_dos_module_products_cat1` (`dos_module_item_cat_cat_id`)
) ENGINE=InnoDB  DEFAULT CHARSET=utf8 AUTO_INCREMENT=5591 ;

-- --------------------------------------------------------

--
-- Table structure for table `dos_module_products_cat`
--

CREATE TABLE IF NOT EXISTS `dos_module_products_cat` (
  `cat_id` int(11) NOT NULL AUTO_INCREMENT,
  `cat_parent_id` int(11) NOT NULL DEFAULT '0',
  `cat_title` varchar(100) NOT NULL,
  `cat_titleen` varchar(100) DEFAULT NULL,
  `preview` text,
  `previewen` text,
  `tag` varchar(100) NOT NULL,
  `tagen` varchar(100) DEFAULT NULL,
  `description` varchar(250) DEFAULT NULL,
  `descriptionen` varchar(250) DEFAULT NULL,
  `pic_full` varchar(100) DEFAULT NULL,
  `pic_desc` varchar(200) DEFAULT NULL,
  `cat_order` int(11) NOT NULL,
  `cat_extra1` varchar(45) DEFAULT NULL,
  `cat_extra2` varchar(45) DEFAULT NULL,
  `cat_enable` tinyint(1) NOT NULL DEFAULT '1',
  `dos_usernames_username` varchar(45) NOT NULL,
  PRIMARY KEY (`cat_id`),
  KEY `fk_dos_module_products_cat_dos_usernames1` (`dos_usernames_username`)
) ENGINE=InnoDB  DEFAULT CHARSET=utf8 AUTO_INCREMENT=1072 ;

-- --------------------------------------------------------

--
-- Table structure for table `dos_module_services`
--

CREATE TABLE IF NOT EXISTS `dos_module_services` (
  `record_id` int(11) NOT NULL AUTO_INCREMENT,
  `title` varchar(100) NOT NULL,
  `titleen` varchar(100) DEFAULT NULL,
  `preview` text,
  `previewen` text,
  `content` text NOT NULL,
  `contenten` text,
  `pic_full` varchar(100) DEFAULT NULL,
  `hit` int(11) NOT NULL DEFAULT '1',
  `created` timestamp NULL DEFAULT CURRENT_TIMESTAMP,
  `record_order` int(11) NOT NULL DEFAULT '1',
  `hot` tinyint(1) NOT NULL DEFAULT '0',
  `extra_field1` varchar(45) DEFAULT NULL,
  `extra_field2` varchar(45) DEFAULT NULL,
  `tag` varchar(100) NOT NULL,
  `tagen` varchar(100) DEFAULT NULL,
  `description` varchar(250) DEFAULT NULL,
  `descriptionen` varchar(250) DEFAULT NULL,
  `activated` tinyint(1) NOT NULL DEFAULT '1',
  `dos_usernames_username` varchar(45) NOT NULL,
  PRIMARY KEY (`record_id`),
  KEY `fk_dos_module_services_dos_usernames1` (`dos_usernames_username`)
) ENGINE=InnoDB  DEFAULT CHARSET=utf8 AUTO_INCREMENT=216 ;

-- --------------------------------------------------------

--
-- Table structure for table `dos_module_supports`
--

CREATE TABLE IF NOT EXISTS `dos_module_supports` (
  `support_id` int(11) NOT NULL AUTO_INCREMENT,
  `support_name` varchar(45) NOT NULL,
  `support_nameen` varchar(45) DEFAULT NULL,
  `support_phone` varchar(45) DEFAULT NULL,
  `support_value` varchar(45) NOT NULL,
  `support_order` smallint(6) NOT NULL,
  `support_type` varchar(20) NOT NULL,
  `dos_usernames_username` varchar(45) NOT NULL,
  PRIMARY KEY (`support_id`),
  KEY `fk_dos_module_supports_dos_usernames1` (`dos_usernames_username`)
) ENGINE=InnoDB  DEFAULT CHARSET=utf8 AUTO_INCREMENT=182 ;

-- --------------------------------------------------------

--
-- Table structure for table `dos_module_video`
--

CREATE TABLE IF NOT EXISTS `dos_module_video` (
  `record_id` int(11) NOT NULL AUTO_INCREMENT,
  `title` varchar(100) NOT NULL,
  `titleen` varchar(100) DEFAULT NULL,
  `postdate` timestamp NOT NULL DEFAULT CURRENT_TIMESTAMP,
  `tag` varchar(100) NOT NULL,
  `tagen` varchar(100) DEFAULT NULL,
  `description` varchar(250) DEFAULT NULL,
  `descriptionen` varchar(250) DEFAULT NULL,
  `pic_thumb` varchar(100) DEFAULT NULL,
  `url` varchar(100) NOT NULL,
  `record_order` int(11) NOT NULL,
  `hits` int(11) NOT NULL DEFAULT '0',
  `extra_field1` varchar(45) DEFAULT NULL,
  `extra_field2` varchar(45) DEFAULT NULL,
  `hot` tinyint(1) NOT NULL DEFAULT '0',
  `enable` tinyint(1) NOT NULL DEFAULT '1',
  `dos_module_item_cat_cat_id` int(11) NOT NULL,
  PRIMARY KEY (`record_id`),
  KEY `fk_dos_module_video_dos_module_video_cat1` (`dos_module_item_cat_cat_id`)
) ENGINE=InnoDB DEFAULT CHARSET=utf8 AUTO_INCREMENT=1 ;

-- --------------------------------------------------------

--
-- Table structure for table `dos_module_video_cat`
--

CREATE TABLE IF NOT EXISTS `dos_module_video_cat` (
  `cat_id` int(11) NOT NULL AUTO_INCREMENT,
  `cat_parent_id` int(11) NOT NULL DEFAULT '0',
  `pic_thumb` varchar(100) DEFAULT NULL,
  `cat_title` varchar(100) NOT NULL,
  `cat_titleen` varchar(100) DEFAULT NULL,
  `tag` varchar(100) NOT NULL,
  `tagen` varchar(100) DEFAULT NULL,
  `description` varchar(250) DEFAULT NULL,
  `descriptionen` varchar(250) DEFAULT NULL,
  `cat_order` int(11) NOT NULL,
  `cat_enable` tinyint(1) NOT NULL DEFAULT '1',
  `dos_usernames_username` varchar(45) NOT NULL,
  PRIMARY KEY (`cat_id`),
  KEY `fk_dos_module_video_cat_dos_usernames1` (`dos_usernames_username`)
) ENGINE=InnoDB DEFAULT CHARSET=utf8 AUTO_INCREMENT=1 ;

-- --------------------------------------------------------

--
-- Table structure for table `dos_module_webs`
--

CREATE TABLE IF NOT EXISTS `dos_module_webs` (
  `web_name` varchar(45) NOT NULL,
  `web_value` text,
  `dos_usernames_username` varchar(45) NOT NULL,
  KEY `fk_dos_module_webs_dos_usernames1` (`dos_usernames_username`)
) ENGINE=InnoDB DEFAULT CHARSET=utf8;

--
-- Dumping data for table `dos_module_webs`
--

INSERT INTO `dos_module_webs` (`web_name`, `web_value`, `dos_usernames_username`) VALUES
('keywords', 'Công ty chúng tôi được sự uỷ nhiệm là đại lý độc quyền tại Đồng Nai cung cấp và dán phim cách nhiệt cho xe hơi , nhà cửa, văn phòng. Với đội ngũ kỹ thuật viên chuyên nghiệp, sáng tạo. Sẽ làm hài lòng quý khách hàng gần xa', 'tuanngocnhi'),
('description', 'Công ty chúng tôi được sự uỷ nhiệm là đại lý độc quyền tại Đồng Nai cung cấp và dán phim cách nhiệt cho xe hơi , nhà cửa, văn phòng. Với đội ngũ kỹ thuật viên chuyên nghiệp, sáng tạo. Sẽ làm hài lòng quý khách hàng gần xa', 'tuanngocnhi'),
('title', 'Đại lý xe hơi Tuấn Ngọc Nhi -Tuanngocnhi.com', 'tuanngocnhi');

-- --------------------------------------------------------

--
-- Table structure for table `dos_nationals`
--

CREATE TABLE IF NOT EXISTS `dos_nationals` (
  `national` varchar(3) NOT NULL,
  `national_name` varchar(45) NOT NULL,
  PRIMARY KEY (`national`)
) ENGINE=InnoDB DEFAULT CHARSET=utf8;

--
-- Dumping data for table `dos_nationals`
--

INSERT INTO `dos_nationals` (`national`, `national_name`) VALUES
('VND', 'Việt Nam');

-- --------------------------------------------------------

--
-- Table structure for table `dos_provinces`
--

CREATE TABLE IF NOT EXISTS `dos_provinces` (
  `province_id` int(11) NOT NULL AUTO_INCREMENT,
  `province_name` varchar(45) NOT NULL,
  `dos_nationals_national` varchar(3) NOT NULL,
  PRIMARY KEY (`province_id`),
  KEY `fk_dos_provinces_dos_nationals` (`dos_nationals_national`)
) ENGINE=InnoDB  DEFAULT CHARSET=utf8 AUTO_INCREMENT=64 ;

--
-- Dumping data for table `dos_provinces`
--

INSERT INTO `dos_provinces` (`province_id`, `province_name`, `dos_nationals_national`) VALUES
(1, 'An Giang', 'VND'),
(2, 'Bà rịa - Vũng tàu', 'VND'),
(3, 'Bạc Liêu', 'VND'),
(4, 'Bắc Cạn', 'VND'),
(5, 'Bắc Giang', 'VND'),
(6, 'Bắc Ninh', 'VND'),
(7, 'Bến Tre', 'VND'),
(8, 'Bình Dương', 'VND'),
(9, 'Bình Định', 'VND'),
(10, 'Bình Phước', 'VND'),
(11, 'Bình Thuận', 'VND'),
(12, 'Cà Mau', 'VND'),
(13, 'Cao Bằng', 'VND'),
(14, 'Cần Thơ', 'VND'),
(15, 'Đà  Nẵng', 'VND'),
(16, 'Đăk Lăk', 'VND'),
(17, 'Đắk Nông', 'VND'),
(18, 'Điện Biên', 'VND'),
(19, 'Đồng Nai', 'VND'),
(20, 'Đồng Tháp', 'VND'),
(21, 'Gia Lai', 'VND'),
(22, 'Hà Giang', 'VND'),
(23, 'Hà Nam', 'VND'),
(24, 'Hà Nội', 'VND'),
(25, 'Hà Tĩnh', 'VND'),
(26, 'Hải Dương', 'VND'),
(27, 'Hải Phòng', 'VND'),
(28, 'Hậu Giang', 'VND'),
(29, 'Hòa Bình', 'VND'),
(30, 'Thành phố Hồ Chí Minh', 'VND'),
(31, 'Hưng Yên', 'VND'),
(32, 'Khánh Hoà', 'VND'),
(33, 'Kiên Giang', 'VND'),
(34, 'Kon Tum', 'VND'),
(35, 'Lai Châu', 'VND'),
(36, 'Lạng Sơn', 'VND'),
(37, 'Lào Cai', 'VND'),
(38, 'Lâm Đồng', 'VND'),
(39, 'Long An', 'VND'),
(40, 'Nam Định', 'VND'),
(41, 'Nghệ An', 'VND'),
(42, 'Ninh Bình', 'VND'),
(43, 'Ninh Thuận', 'VND'),
(44, 'Phú Thọ', 'VND'),
(45, 'Phú Yên', 'VND'),
(46, 'Quảng Bình', 'VND'),
(47, 'Quảng Nam', 'VND'),
(48, 'Quảng Ngãi', 'VND'),
(49, 'Quảng Ninh', 'VND'),
(50, 'Quảng Trị', 'VND'),
(51, 'Sóc Trăng', 'VND'),
(52, 'Sơn La', 'VND'),
(53, 'Tây Ninh', 'VND'),
(54, 'Thái Bình', 'VND'),
(55, 'Thái Nguyên', 'VND'),
(56, 'Thanh Hoá', 'VND'),
(57, 'Thừa Thiên-Huế', 'VND'),
(58, 'Tiền Giang', 'VND'),
(59, 'Trà Vinh', 'VND'),
(60, 'Tuyên Quang', 'VND'),
(61, 'Vĩnh Long', 'VND'),
(62, 'Vĩnh Phúc', 'VND'),
(63, 'Yên Bái', 'VND');

-- --------------------------------------------------------

--
-- Table structure for table `dos_templates`
--

CREATE TABLE IF NOT EXISTS `dos_templates` (
  `template` varchar(6) NOT NULL,
  `template_name` varchar(45) NOT NULL,
  `created` timestamp NOT NULL DEFAULT CURRENT_TIMESTAMP,
  `description` varchar(1000) DEFAULT NULL,
  PRIMARY KEY (`template`)
) ENGINE=InnoDB DEFAULT CHARSET=utf8;

--
-- Dumping data for table `dos_templates`
--

INSERT INTO `dos_templates` (`template`, `template_name`, `created`, `description`) VALUES
('020512', 'Mẫu hoa tươi: 020512', '2012-05-02 02:10:52', 'Chuyên cung cấp hoa tuoi, hoa cuoi, điện hoa, hoa tuoi van phong, hoa khai trương, hoa chúc mừng, hoa xe, hoa online, hoa chia buồn');

-- --------------------------------------------------------

--
-- Table structure for table `dos_templates_has_dos_bussiness`
--

CREATE TABLE IF NOT EXISTS `dos_templates_has_dos_bussiness` (
  `dos_templates_template` varchar(6) NOT NULL,
  `dos_bussiness_bussiness_id` varchar(100) NOT NULL,
  PRIMARY KEY (`dos_templates_template`,`dos_bussiness_bussiness_id`),
  KEY `fk_dos_templates_has_dos_bussiness_dos_bussiness1` (`dos_bussiness_bussiness_id`),
  KEY `fk_dos_templates_has_dos_bussiness_dos_templates1` (`dos_templates_template`)
) ENGINE=InnoDB DEFAULT CHARSET=utf8;

--
-- Dumping data for table `dos_templates_has_dos_bussiness`
--

INSERT INTO `dos_templates_has_dos_bussiness` (`dos_templates_template`, `dos_bussiness_bussiness_id`) VALUES
('020512', 'hoa-tuoi');

-- --------------------------------------------------------

--
-- Table structure for table `dos_templates_has_dos_features`
--

CREATE TABLE IF NOT EXISTS `dos_templates_has_dos_features` (
  `dos_templates_template` varchar(6) NOT NULL,
  `dos_features_feature_id` varchar(45) NOT NULL,
  `hot` tinyint(1) NOT NULL DEFAULT '0',
  PRIMARY KEY (`dos_templates_template`,`dos_features_feature_id`),
  KEY `fk_dos_templates_has_dos_features_dos_features1` (`dos_features_feature_id`),
  KEY `fk_dos_templates_has_dos_features_dos_templates1` (`dos_templates_template`)
) ENGINE=InnoDB DEFAULT CHARSET=utf8;

-- --------------------------------------------------------

--
-- Table structure for table `dos_templates_has_dos_modules`
--

CREATE TABLE IF NOT EXISTS `dos_templates_has_dos_modules` (
  `dos_templates_template` varchar(6) NOT NULL,
  `dos_modules_module_id` varchar(20) NOT NULL,
  `dos_values_value_name` varchar(20) NOT NULL,
  PRIMARY KEY (`dos_templates_template`,`dos_modules_module_id`,`dos_values_value_name`),
  KEY `fk_dos_templates_has_dos_modules_dos_modules1` (`dos_modules_module_id`),
  KEY `fk_dos_templates_has_dos_modules_dos_templates1` (`dos_templates_template`),
  KEY `fk_dos_templates_has_dos_modules_dos_values1` (`dos_values_value_name`)
) ENGINE=InnoDB DEFAULT CHARSET=utf8;

--
-- Dumping data for table `dos_templates_has_dos_modules`
--

INSERT INTO `dos_templates_has_dos_modules` (`dos_templates_template`, `dos_modules_module_id`, `dos_values_value_name`) VALUES
('020512', 'about', 'advs_left'),
('020512', 'about', 'list_supports'),
('020512', 'about', 'menu_about'),
('020512', 'contact', 'advs_left'),
('020512', 'contact', 'list_supports'),
('020512', 'news', 'advs_bottom'),
('020512', 'news', 'advs_left'),
('020512', 'news', 'list_supports'),
('020512', 'news', 'menu_news'),
('020512', 'products', 'advs_left'),
('020512', 'products', 'list_supports'),
('020512', 'products', 'menu_products'),
('020512', 'services', 'advs_left'),
('020512', 'services', 'list_supports'),
('020512', 'services', 'menu_services'),
('020512', 'video', 'advs_left'),
('020512', 'video', 'list_supports'),
('020512', 'video', 'menu_video');

-- --------------------------------------------------------

--
-- Table structure for table `dos_usernames`
--

CREATE TABLE IF NOT EXISTS `dos_usernames` (
  `username` varchar(45) NOT NULL,
  `email` varchar(45) NOT NULL,
  `password` varchar(45) NOT NULL,
  `created` timestamp NOT NULL DEFAULT CURRENT_TIMESTAMP,
  `fullname` varchar(45) DEFAULT NULL,
  `phone` varchar(15) DEFAULT NULL,
  `company` varchar(100) DEFAULT NULL,
  `role` varchar(45) NOT NULL,
  `language` varchar(20) NOT NULL,
  `code` varchar(15) DEFAULT NULL,
  `expired` timestamp NOT NULL DEFAULT '0000-00-00 00:00:00',
  `import` tinyint(1) NOT NULL DEFAULT '0',
  `agent_sale` varchar(8) NOT NULL,
  `agent_tech` varchar(8) DEFAULT NULL,
  `activated` tinyint(1) NOT NULL,
  `dos_templates_template` varchar(6) NOT NULL,
  `dos_provinces_province_id` int(11) NOT NULL,
  `dos_bussiness_bussiness_id` varchar(100) NOT NULL,
  PRIMARY KEY (`username`),
  KEY `fk_dos_usernames_dos_templates1` (`dos_templates_template`),
  KEY `fk_dos_usernames_dos_provinces1` (`dos_provinces_province_id`),
  KEY `fk_dos_usernames_dos_bussiness1` (`dos_bussiness_bussiness_id`)
) ENGINE=InnoDB DEFAULT CHARSET=utf8;

--
-- Dumping data for table `dos_usernames`
--

INSERT INTO `dos_usernames` (`username`, `email`, `password`, `created`, `fullname`, `phone`, `company`, `role`, `language`, `code`, `expired`, `import`, `agent_sale`, `agent_tech`, `activated`, `dos_templates_template`, `dos_provinces_province_id`, `dos_bussiness_bussiness_id`) VALUES
('tuanngocnhi', 'minhtnn10@gmail.com', 'e10adc3949ba59abbe56e057f20f883e', '2012-06-19 06:42:21', 'Phòng k.Doanh : Mr Minh', '0974851777', 'CÔNG TY TRÁCH NHIỆM HỮU HẠN TUẤN NGỌC NHI', 'user', 'vi|en', '', '2012-08-30 16:00:00', 0, '20122012', '', 1, '020512', 19, 'co-khi-may-moc-thiet-bi');

-- --------------------------------------------------------

--
-- Table structure for table `dos_usernames_has_dos_modules`
--

CREATE TABLE IF NOT EXISTS `dos_usernames_has_dos_modules` (
  `dos_usernames_username` varchar(45) NOT NULL,
  `dos_modules_module_id` varchar(20) NOT NULL,
  `dos_values_value_name` varchar(20) NOT NULL,
  PRIMARY KEY (`dos_usernames_username`,`dos_modules_module_id`,`dos_values_value_name`),
  KEY `fk_dos_usernames_has_dos_modules_dos_modules1` (`dos_modules_module_id`),
  KEY `fk_dos_usernames_has_dos_modules_dos_usernames1` (`dos_usernames_username`),
  KEY `fk_dos_usernames_has_dos_modules_dos_values1` (`dos_values_value_name`)
) ENGINE=InnoDB DEFAULT CHARSET=utf8;

-- --------------------------------------------------------

--
-- Table structure for table `dos_user_langs`
--

CREATE TABLE IF NOT EXISTS `dos_user_langs` (
  `lang_name` varchar(30) NOT NULL,
  `lang` varchar(200) NOT NULL,
  `langen` varchar(200) DEFAULT NULL,
  `dos_usernames_username` varchar(45) NOT NULL,
  PRIMARY KEY (`lang_name`),
  KEY `fk_dos_user_langs_dos_usernames1` (`dos_usernames_username`)
) ENGINE=InnoDB DEFAULT CHARSET=utf8;

--
-- Dumping data for table `dos_user_langs`
--

INSERT INTO `dos_user_langs` (`lang_name`, `lang`, `langen`, `dos_usernames_username`) VALUES
('address1', '519 F - Ấp Ngũ Phúc Xã Hố Nai 3 - H. Trảng Bom - Tỉnh Đồng Nai', '', 'tuanngocnhi'),
('address2', 'Điện thoại: Mr Minh :0974851777 - Ms Dung : 0983589322 <br />Website: www.tuanngocnhi.com - Email: minhtnn10@gmail.com', '', 'tuanngocnhi'),
('advs', 'Phần Quảng Cáo', '', 'tuanngocnhi'),
('company_name', '', '', 'tuanngocnhi'),
('company_name_footer', 'CÔNG TY TNHH TUẤN NGỌC NHI', '', 'tuanngocnhi'),
('company_phone', 'Hotline: 0903 613 438', '', 'tuanngocnhi'),
('contact', 'Liên hệ', '', 'tuanngocnhi'),
('copyright', 'Copyright © 2012 DOS.VN , Thuonghoi Corp', '', 'tuanngocnhi'),
('developed', 'Developed by', '', 'tuanngocnhi'),
('services', 'Xi Mạ', '', 'tuanngocnhi'),
('supports', 'Hỗ Trợ Trực Tuyến', '', 'tuanngocnhi');

-- --------------------------------------------------------

--
-- Table structure for table `dos_values`
--

CREATE TABLE IF NOT EXISTS `dos_values` (
  `value_name` varchar(20) NOT NULL,
  `module` varchar(20) NOT NULL,
  `module_id` varchar(20) NOT NULL,
  `function_name` varchar(20) NOT NULL,
  PRIMARY KEY (`value_name`)
) ENGINE=InnoDB DEFAULT CHARSET=utf8;

--
-- Dumping data for table `dos_values`
--

INSERT INTO `dos_values` (`value_name`, `module`, `module_id`, `function_name`) VALUES
('about_home', 'about', 'About', 'homeRecord'),
('advs_bottom', 'advs', 'Advs', 'listItemsBottom'),
('advs_center', 'advs', 'Advs', 'listItemsCenter'),
('advs_left', 'advs', 'Advs', 'listItemsLeft'),
('advs_right', 'advs', 'Advs', 'listItemsRight'),
('advs_top', 'advs', 'Advs', 'listItemsTop'),
('list_supports', 'supports', 'Supports', 'listItem'),
('menu_about', 'about', 'About', 'listMenu'),
('menu_news', 'news', 'NewsCat', 'listCats'),
('menu_products', 'products', 'ProductsCat', 'listCats'),
('menu_services', 'services', 'Services', 'listMenu'),
('menu_video', 'video', 'VideoCat', 'listCats'),
('news_hot', 'news', 'News', 'listItemsHot'),
('news_new', 'news', 'News', 'listItemsNew'),
('products_hot', 'products', 'Products', 'listItemHot'),
('products_new', 'products', 'Products', 'listItemNew'),
('video_hot', 'video', 'Video', 'itemHot');

--
-- Constraints for dumped tables
--

--
-- Constraints for table `dos_configs`
--
ALTER TABLE `dos_configs`
  ADD CONSTRAINT `fk_dos_configs_dos_templates1` FOREIGN KEY (`dos_templates_template`) REFERENCES `dos_templates` (`template`) ON DELETE NO ACTION ON UPDATE NO ACTION;

--
-- Constraints for table `dos_loadfiles`
--
ALTER TABLE `dos_loadfiles`
  ADD CONSTRAINT `fk_dos_templates_has_dos_modules1_dos_modules1` FOREIGN KEY (`dos_modules_module_id`) REFERENCES `dos_modules` (`module_id`) ON DELETE NO ACTION ON UPDATE NO ACTION,
  ADD CONSTRAINT `fk_dos_templates_has_dos_modules1_dos_templates1` FOREIGN KEY (`dos_templates_template`) REFERENCES `dos_templates` (`template`) ON DELETE NO ACTION ON UPDATE NO ACTION;

--
-- Constraints for table `dos_modules_has_dos_usernames`
--
ALTER TABLE `dos_modules_has_dos_usernames`
  ADD CONSTRAINT `fk_dos_modules_has_dos_usernames_dos_modules1` FOREIGN KEY (`dos_modules_module_id`) REFERENCES `dos_modules` (`module_id`) ON DELETE NO ACTION ON UPDATE NO ACTION,
  ADD CONSTRAINT `fk_dos_modules_has_dos_usernames_dos_usernames1` FOREIGN KEY (`dos_usernames_username`) REFERENCES `dos_usernames` (`username`) ON DELETE NO ACTION ON UPDATE NO ACTION;

--
-- Constraints for table `dos_module_abouts`
--
ALTER TABLE `dos_module_abouts`
  ADD CONSTRAINT `fk_dos_module_abouts_dos_usernames1` FOREIGN KEY (`dos_usernames_username`) REFERENCES `dos_usernames` (`username`) ON DELETE NO ACTION ON UPDATE NO ACTION;

--
-- Constraints for table `dos_module_advs`
--
ALTER TABLE `dos_module_advs`
  ADD CONSTRAINT `fk_dos_module_advs_dos_usernames1` FOREIGN KEY (`dos_usernames_username`) REFERENCES `dos_usernames` (`username`) ON DELETE NO ACTION ON UPDATE NO ACTION;

--
-- Constraints for table `dos_module_banners`
--
ALTER TABLE `dos_module_banners`
  ADD CONSTRAINT `fk_dos_module_banners_dos_usernames1` FOREIGN KEY (`dos_usernames_username`) REFERENCES `dos_usernames` (`username`) ON DELETE NO ACTION ON UPDATE NO ACTION;

--
-- Constraints for table `dos_module_contacts`
--
ALTER TABLE `dos_module_contacts`
  ADD CONSTRAINT `fk_dos_module_contacts_dos_usernames1` FOREIGN KEY (`dos_usernames_username`) REFERENCES `dos_usernames` (`username`) ON DELETE NO ACTION ON UPDATE NO ACTION;

--
-- Constraints for table `dos_module_menus`
--
ALTER TABLE `dos_module_menus`
  ADD CONSTRAINT `fk_dos_module_menus_dos_usernames1` FOREIGN KEY (`dos_usernames_username`) REFERENCES `dos_usernames` (`username`) ON DELETE NO ACTION ON UPDATE NO ACTION;

--
-- Constraints for table `dos_module_news`
--
ALTER TABLE `dos_module_news`
  ADD CONSTRAINT `fk_dos_module_news_dos_module_news_cat1` FOREIGN KEY (`dos_module_item_cat_cat_id`) REFERENCES `dos_module_news_cat` (`cat_id`) ON DELETE NO ACTION ON UPDATE NO ACTION;

--
-- Constraints for table `dos_module_news_cat`
--
ALTER TABLE `dos_module_news_cat`
  ADD CONSTRAINT `fk_dos_module_news_cat_dos_usernames1` FOREIGN KEY (`dos_usernames_username`) REFERENCES `dos_usernames` (`username`) ON DELETE NO ACTION ON UPDATE NO ACTION;

--
-- Constraints for table `dos_module_products`
--
ALTER TABLE `dos_module_products`
  ADD CONSTRAINT `fk_dos_module_products_dos_module_products_cat1` FOREIGN KEY (`dos_module_item_cat_cat_id`) REFERENCES `dos_module_products_cat` (`cat_id`) ON DELETE NO ACTION ON UPDATE NO ACTION;

--
-- Constraints for table `dos_module_products_cat`
--
ALTER TABLE `dos_module_products_cat`
  ADD CONSTRAINT `fk_dos_module_products_cat_dos_usernames1` FOREIGN KEY (`dos_usernames_username`) REFERENCES `dos_usernames` (`username`) ON DELETE NO ACTION ON UPDATE NO ACTION;

--
-- Constraints for table `dos_module_services`
--
ALTER TABLE `dos_module_services`
  ADD CONSTRAINT `fk_dos_module_services_dos_usernames1` FOREIGN KEY (`dos_usernames_username`) REFERENCES `dos_usernames` (`username`) ON DELETE NO ACTION ON UPDATE NO ACTION;

--
-- Constraints for table `dos_module_supports`
--
ALTER TABLE `dos_module_supports`
  ADD CONSTRAINT `fk_dos_module_supports_dos_usernames1` FOREIGN KEY (`dos_usernames_username`) REFERENCES `dos_usernames` (`username`) ON DELETE NO ACTION ON UPDATE NO ACTION;

--
-- Constraints for table `dos_module_video`
--
ALTER TABLE `dos_module_video`
  ADD CONSTRAINT `fk_dos_module_video_dos_module_video_cat1` FOREIGN KEY (`dos_module_item_cat_cat_id`) REFERENCES `dos_module_video_cat` (`cat_id`) ON DELETE NO ACTION ON UPDATE NO ACTION;

--
-- Constraints for table `dos_module_video_cat`
--
ALTER TABLE `dos_module_video_cat`
  ADD CONSTRAINT `fk_dos_module_video_cat_dos_usernames1` FOREIGN KEY (`dos_usernames_username`) REFERENCES `dos_usernames` (`username`) ON DELETE NO ACTION ON UPDATE NO ACTION;

--
-- Constraints for table `dos_module_webs`
--
ALTER TABLE `dos_module_webs`
  ADD CONSTRAINT `fk_dos_module_webs_dos_usernames1` FOREIGN KEY (`dos_usernames_username`) REFERENCES `dos_usernames` (`username`) ON DELETE NO ACTION ON UPDATE NO ACTION;

--
-- Constraints for table `dos_provinces`
--
ALTER TABLE `dos_provinces`
  ADD CONSTRAINT `fk_dos_provinces_dos_nationals` FOREIGN KEY (`dos_nationals_national`) REFERENCES `dos_nationals` (`national`) ON DELETE NO ACTION ON UPDATE NO ACTION;

--
-- Constraints for table `dos_templates_has_dos_bussiness`
--
ALTER TABLE `dos_templates_has_dos_bussiness`
  ADD CONSTRAINT `fk_dos_templates_has_dos_bussiness_dos_bussiness1` FOREIGN KEY (`dos_bussiness_bussiness_id`) REFERENCES `dos_bussiness` (`bussiness_id`) ON DELETE NO ACTION ON UPDATE NO ACTION,
  ADD CONSTRAINT `fk_dos_templates_has_dos_bussiness_dos_templates1` FOREIGN KEY (`dos_templates_template`) REFERENCES `dos_templates` (`template`) ON DELETE NO ACTION ON UPDATE NO ACTION;

--
-- Constraints for table `dos_templates_has_dos_features`
--
ALTER TABLE `dos_templates_has_dos_features`
  ADD CONSTRAINT `fk_dos_templates_has_dos_features_dos_features1` FOREIGN KEY (`dos_features_feature_id`) REFERENCES `dos_features` (`feature_id`) ON DELETE NO ACTION ON UPDATE NO ACTION,
  ADD CONSTRAINT `fk_dos_templates_has_dos_features_dos_templates1` FOREIGN KEY (`dos_templates_template`) REFERENCES `dos_templates` (`template`) ON DELETE NO ACTION ON UPDATE NO ACTION;

--
-- Constraints for table `dos_templates_has_dos_modules`
--
ALTER TABLE `dos_templates_has_dos_modules`
  ADD CONSTRAINT `fk_dos_templates_has_dos_modules_dos_modules1` FOREIGN KEY (`dos_modules_module_id`) REFERENCES `dos_modules` (`module_id`) ON DELETE NO ACTION ON UPDATE NO ACTION,
  ADD CONSTRAINT `fk_dos_templates_has_dos_modules_dos_templates1` FOREIGN KEY (`dos_templates_template`) REFERENCES `dos_templates` (`template`) ON DELETE NO ACTION ON UPDATE NO ACTION,
  ADD CONSTRAINT `fk_dos_templates_has_dos_modules_dos_values1` FOREIGN KEY (`dos_values_value_name`) REFERENCES `dos_values` (`value_name`) ON DELETE NO ACTION ON UPDATE NO ACTION;

--
-- Constraints for table `dos_usernames`
--
ALTER TABLE `dos_usernames`
  ADD CONSTRAINT `fk_dos_usernames_dos_bussiness1` FOREIGN KEY (`dos_bussiness_bussiness_id`) REFERENCES `dos_bussiness` (`bussiness_id`) ON DELETE NO ACTION ON UPDATE NO ACTION,
  ADD CONSTRAINT `fk_dos_usernames_dos_provinces1` FOREIGN KEY (`dos_provinces_province_id`) REFERENCES `dos_provinces` (`province_id`) ON DELETE NO ACTION ON UPDATE NO ACTION,
  ADD CONSTRAINT `fk_dos_usernames_dos_templates1` FOREIGN KEY (`dos_templates_template`) REFERENCES `dos_templates` (`template`) ON DELETE NO ACTION ON UPDATE NO ACTION;

--
-- Constraints for table `dos_usernames_has_dos_modules`
--
ALTER TABLE `dos_usernames_has_dos_modules`
  ADD CONSTRAINT `fk_dos_usernames_has_dos_modules_dos_modules1` FOREIGN KEY (`dos_modules_module_id`) REFERENCES `dos_modules` (`module_id`) ON DELETE NO ACTION ON UPDATE NO ACTION,
  ADD CONSTRAINT `fk_dos_usernames_has_dos_modules_dos_usernames1` FOREIGN KEY (`dos_usernames_username`) REFERENCES `dos_usernames` (`username`) ON DELETE NO ACTION ON UPDATE NO ACTION,
  ADD CONSTRAINT `fk_dos_usernames_has_dos_modules_dos_values1` FOREIGN KEY (`dos_values_value_name`) REFERENCES `dos_values` (`value_name`) ON DELETE NO ACTION ON UPDATE NO ACTION;

--
-- Constraints for table `dos_user_langs`
--
ALTER TABLE `dos_user_langs`
  ADD CONSTRAINT `fk_dos_user_langs_dos_usernames1` FOREIGN KEY (`dos_usernames_username`) REFERENCES `dos_usernames` (`username`) ON DELETE NO ACTION ON UPDATE NO ACTION;

/*!40101 SET CHARACTER_SET_CLIENT=@OLD_CHARACTER_SET_CLIENT */;
/*!40101 SET CHARACTER_SET_RESULTS=@OLD_CHARACTER_SET_RESULTS */;
/*!40101 SET COLLATION_CONNECTION=@OLD_COLLATION_CONNECTION */;
