-- phpMyAdmin SQL Dump
-- version 3.4.5
-- http://www.phpmyadmin.net
--
-- Host: localhost
-- Generation Time: Aug 11, 2012 at 04:09 AM
-- Server version: 5.5.16
-- PHP Version: 5.3.8

SET SQL_MODE="NO_AUTO_VALUE_ON_ZERO";
SET time_zone = "+00:00";


/*!40101 SET @OLD_CHARACTER_SET_CLIENT=@@CHARACTER_SET_CLIENT */;
/*!40101 SET @OLD_CHARACTER_SET_RESULTS=@@CHARACTER_SET_RESULTS */;
/*!40101 SET @OLD_COLLATION_CONNECTION=@@COLLATION_CONNECTION */;
/*!40101 SET NAMES utf8 */;

--
-- Database: `project`
--

-- --------------------------------------------------------

--
-- Table structure for table `hoiit_configs`
--

CREATE TABLE IF NOT EXISTS `hoiit_configs` (
  `config_name` varchar(30) NOT NULL,
  `config_value` varchar(45) NOT NULL,
  `config_desc` varchar(100) DEFAULT NULL,
  `hoiit_modules_module_id` varchar(30) NOT NULL,
  PRIMARY KEY (`config_name`),
  KEY `fk_hoiit_configs_hoiit_modules1` (`hoiit_modules_module_id`)
) ENGINE=InnoDB DEFAULT CHARSET=utf8;

--
-- Dumping data for table `hoiit_configs`
--

INSERT INTO `hoiit_configs` (`config_name`, `config_value`, `config_desc`, `hoiit_modules_module_id`) VALUES
('adv_bottom_height', '222', NULL, 'adv'),
('adv_bottom_width', '222', NULL, 'adv'),
('adv_center_height', '222', NULL, 'adv'),
('adv_center_width', '222', NULL, 'adv'),
('adv_left_height', '222', NULL, 'adv'),
('adv_left_width', '222', NULL, 'adv'),
('adv_right_height', '222', NULL, 'adv'),
('adv_right_width', '222', NULL, 'adv'),
('adv_top_height', '222', NULL, 'adv'),
('adv_top_width', '222', NULL, 'adv'),
('banner_height', '275', NULL, 'banner'),
('banner_width', '520', NULL, 'banner'),
('contact_email_received', 'thanhansoft@gmail.com', NULL, 'contact'),
('contact_host', 'smtp.gmail.com', NULL, 'contact'),
('contact_password', 'assas', NULL, 'contact'),
('contact_port', '465', NULL, 'contact'),
('contact_send_mail_smtp', '1', NULL, 'contact'),
('contact_username', 'thanhansoft', NULL, 'contact'),
('logo_height', '114', NULL, 'banner'),
('logo_width', '403', NULL, 'banner'),
('news_cat_height_thumb', '200', NULL, 'news'),
('news_cat_width_thumb', '200', NULL, 'news'),
('news_height_thumb', '200', NULL, 'news'),
('news_num_item_cat', '3', NULL, 'news'),
('news_num_item_hot', '7', '', 'news'),
('news_num_item_index', '3', NULL, 'news'),
('news_num_item_new', '7', NULL, 'news'),
('news_width_thumb', '200', NULL, 'news'),
('products_cat_height_thumb', '200', NULL, 'products'),
('products_cat_width_thumb', '200', NULL, 'products'),
('products_height_desc', '700', NULL, 'products'),
('products_height_full', '700', NULL, 'products'),
('products_height_thumb', '220', NULL, 'products'),
('products_width_desc', '520', NULL, 'products'),
('products_width_full', '520', NULL, 'products'),
('products_width_thumb', '220', NULL, 'products'),
('services_height_thumb', '128', NULL, 'services'),
('services_width_thumb', '128', NULL, 'services');

-- --------------------------------------------------------

--
-- Table structure for table `hoiit_functions`
--

CREATE TABLE IF NOT EXISTS `hoiit_functions` (
  `function_value` varchar(30) NOT NULL,
  `function_name` varchar(45) NOT NULL,
  `function_class` varchar(30) NOT NULL,
  `function_call` varchar(30) DEFAULT NULL,
  `hoiit_modules_module_id` varchar(30) NOT NULL,
  PRIMARY KEY (`function_value`),
  KEY `fk_hoiit_functions_hoiit_modules` (`hoiit_modules_module_id`)
) ENGINE=InnoDB DEFAULT CHARSET=utf8;

--
-- Dumping data for table `hoiit_functions`
--

INSERT INTO `hoiit_functions` (`function_value`, `function_name`, `function_class`, `function_call`, `hoiit_modules_module_id`) VALUES
('about_home', 'About', '', 'firstHotRecord', 'about'),
('adv_left', 'Adv', '', 'listItemsLeft', 'adv'),
('adv_right', 'Adv', '', 'listItemsRight', 'adv'),
('counter_session', 'CounterSession', 'CounterSession.Counter', 'publishAssets', 'counterSession'),
('list_support', 'Support', '', 'listItem', 'support'),
('menu_about', 'About', '', 'listItem', 'about'),
('menu_news', 'NewsCat', '', 'listItem', 'news'),
('menu_products', 'ProductsCat', '', 'listItem', 'products'),
('menu_services', 'Services', '', 'listItem', 'services'),
('news_hot', 'News', '', 'listItemsHot', 'news'),
('news_list_first', 'News', '', 'ListFirst', 'news'),
('news_new', 'News', '', 'listItemsNew', 'news'),
('new_poll', 'Poll', '', 'getFirstItem', 'poll'),
('services_list_home', 'Services', '', 'listHome', 'services');

-- --------------------------------------------------------

--
-- Table structure for table `hoiit_groups`
--

CREATE TABLE IF NOT EXISTS `hoiit_groups` (
  `group_id` varchar(45) NOT NULL,
  `group_name` varchar(100) NOT NULL,
  PRIMARY KEY (`group_id`)
) ENGINE=InnoDB DEFAULT CHARSET=utf8;

--
-- Dumping data for table `hoiit_groups`
--

INSERT INTO `hoiit_groups` (`group_id`, `group_name`) VALUES
('administrator', 'Administrator');

-- --------------------------------------------------------

--
-- Table structure for table `hoiit_langs`
--

CREATE TABLE IF NOT EXISTS `hoiit_langs` (
  `lang_id` varchar(45) NOT NULL,
  `lang_name` varchar(200) NOT NULL,
  `lang_admin` tinyint(1) NOT NULL DEFAULT '0',
  `hoiit_languages_language_id` varchar(2) NOT NULL,
  PRIMARY KEY (`lang_id`,`hoiit_languages_language_id`),
  KEY `fk_hoiit_langs_hoiit_languages1` (`hoiit_languages_language_id`)
) ENGINE=InnoDB DEFAULT CHARSET=utf8;

--
-- Dumping data for table `hoiit_langs`
--

INSERT INTO `hoiit_langs` (`lang_id`, `lang_name`, `lang_admin`, `hoiit_languages_language_id`) VALUES
('about', 'Giới thiệu', 0, 'en'),
('action', 'Thao tác', 1, 'en'),
('add_new', 'Thêm mới', 1, 'en'),
('add_row', 'Thêm dòng', 1, 'en'),
('adv', 'Quảng cáo', 0, 'en'),
('banner', 'Banner', 1, 'en'),
('cancel', 'Hủy bỏ', 1, 'en'),
('cat_title', 'Danh mục', 0, 'en'),
('contact', 'Contact', 0, 'en'),
('counterSession', 'Counter', 0, 'en'),
('create_date', 'Ngày tạo', 1, 'en'),
('default', 'Home page', 0, 'en'),
('delete', 'Xóa', 1, 'en'),
('edit', 'Chỉnh sửa', 0, 'en'),
('hidden', 'Ẩn', 1, 'en'),
('news', 'Tin tức & sự kiện', 0, 'en'),
('no_record', 'Không tồn tại mẫu tin', 0, 'en'),
('order', 'Thứ tự', 1, 'en'),
('poll', 'Poll', 0, 'en'),
('products', 'Projects', 0, 'en'),
('services', 'Outsource', 0, 'en'),
('show', 'Hiển thị', 1, 'en'),
('sort', 'Sắp xếp', 1, 'en'),
('support', 'Online support', 0, 'en'),
('synchronous', 'Đồng bộ', 1, 'en'),
('title', 'Tiêu đề', 1, 'en'),
('view', 'Lượt xem', 1, 'en');

-- --------------------------------------------------------

--
-- Table structure for table `hoiit_languages`
--

CREATE TABLE IF NOT EXISTS `hoiit_languages` (
  `language_id` varchar(2) NOT NULL,
  `language_name` varchar(45) NOT NULL,
  `language_sort` tinyint(4) NOT NULL DEFAULT '1',
  PRIMARY KEY (`language_id`)
) ENGINE=InnoDB DEFAULT CHARSET=utf8;

--
-- Dumping data for table `hoiit_languages`
--

INSERT INTO `hoiit_languages` (`language_id`, `language_name`, `language_sort`) VALUES
('en', 'English', 1);

-- --------------------------------------------------------

--
-- Table structure for table `hoiit_modules`
--

CREATE TABLE IF NOT EXISTS `hoiit_modules` (
  `module_id` varchar(30) NOT NULL,
  `module_title` varchar(100) NOT NULL,
  `module_url` varchar(100) DEFAULT NULL,
  `module_sort` tinyint(4) NOT NULL,
  `module_type` tinyint(1) NOT NULL DEFAULT '0',
  `module_page` tinyint(1) NOT NULL,
  PRIMARY KEY (`module_id`)
) ENGINE=InnoDB DEFAULT CHARSET=utf8;

--
-- Dumping data for table `hoiit_modules`
--

INSERT INTO `hoiit_modules` (`module_id`, `module_title`, `module_url`, `module_sort`, `module_type`, `module_page`) VALUES
('about', 'Danh sách|Cấu hình Url', 'about|about/url', 2, 1, 1),
('adv', 'Danh sách|Cấu hình', 'adv|adv/config', 5, 1, 0),
('banner', 'Danh sách Banner|Danh sách Logo|Cấu hình', 'banner|banner/logo|banner/config', 6, 1, 0),
('contact', 'Danh sách|Cấu hình|Cấu hình Url', 'contact|contact/config|contact/url', 2, 1, 1),
('counterSession', 'CounterSession', NULL, 4, 0, 0),
('default', 'Default', NULL, 1, 1, 1),
('news', 'Danh mục|Danh sách|Cấu hình|Cấu hình Url', 'news/cat|news|news/config|news/url', 4, 1, 1),
('poll', 'Danh sách|Cấu hình Url', 'poll|poll/url', 7, 1, 1),
('products', 'Danh mục|Danh sách|Cấu hình|Cấu hình Url', 'products/cat|products|products/config|products/url', 3, 1, 1),
('services', 'Danh sách|Cấu hình Url', 'services|services/url', 2, 1, 1),
('support', 'Danh sách', 'support', 6, 1, 0);

-- --------------------------------------------------------

--
-- Table structure for table `hoiit_module_about`
--

CREATE TABLE IF NOT EXISTS `hoiit_module_about` (
  `record_id` int(11) NOT NULL AUTO_INCREMENT,
  `pic_thumb` varchar(100) DEFAULT NULL,
  `created` timestamp NOT NULL DEFAULT CURRENT_TIMESTAMP,
  `record_order` int(11) DEFAULT NULL,
  `hot` tinyint(1) NOT NULL DEFAULT '0',
  `field1` varchar(100) DEFAULT NULL,
  `field2` varchar(100) DEFAULT NULL,
  `enable` tinyint(1) NOT NULL DEFAULT '0',
  PRIMARY KEY (`record_id`)
) ENGINE=InnoDB DEFAULT CHARSET=utf8 AUTO_INCREMENT=1 ;

-- --------------------------------------------------------

--
-- Table structure for table `hoiit_module_about_languages`
--

CREATE TABLE IF NOT EXISTS `hoiit_module_about_languages` (
  `record_id` int(11) NOT NULL,
  `language_id` varchar(2) NOT NULL,
  `title` varchar(100) NOT NULL,
  `content` text NOT NULL,
  `tag` varchar(100) NOT NULL,
  `description` varchar(250) DEFAULT NULL,
  `hit` int(11) NOT NULL DEFAULT '0',
  `extra_field1` varchar(100) DEFAULT NULL,
  `extra_field2` varchar(100) DEFAULT NULL,
  PRIMARY KEY (`record_id`,`language_id`),
  KEY `fk_hoiit_about_has_hoiit_languages_hoiit_languages1` (`language_id`),
  KEY `fk_hoiit_about_has_hoiit_languages_hoiit_about1` (`record_id`)
) ENGINE=InnoDB DEFAULT CHARSET=utf8;

-- --------------------------------------------------------

--
-- Table structure for table `hoiit_module_advs`
--

CREATE TABLE IF NOT EXISTS `hoiit_module_advs` (
  `record_id` int(11) NOT NULL AUTO_INCREMENT,
  `title` varchar(100) NOT NULL,
  `pic_thumb` varchar(100) NOT NULL,
  `url` varchar(200) DEFAULT NULL,
  `create_date` timestamp NOT NULL DEFAULT CURRENT_TIMESTAMP,
  `start_date` timestamp NOT NULL DEFAULT '0000-00-00 00:00:00',
  `end_date` timestamp NOT NULL DEFAULT '0000-00-00 00:00:00',
  `hits` int(11) NOT NULL DEFAULT '0',
  `record_order` int(11) DEFAULT NULL,
  `position` varchar(45) NOT NULL,
  `type` varchar(45) DEFAULT NULL,
  `click` int(11) NOT NULL DEFAULT '0',
  `enable` tinyint(1) NOT NULL DEFAULT '1',
  PRIMARY KEY (`record_id`)
) ENGINE=InnoDB DEFAULT CHARSET=utf8 AUTO_INCREMENT=1 ;

-- --------------------------------------------------------

--
-- Table structure for table `hoiit_module_banners`
--

CREATE TABLE IF NOT EXISTS `hoiit_module_banners` (
  `banner_id` int(11) NOT NULL AUTO_INCREMENT,
  `banner_date` timestamp NOT NULL DEFAULT CURRENT_TIMESTAMP,
  `banner_name` varchar(100) NOT NULL,
  `banner_picture` varchar(100) DEFAULT NULL,
  `banner_link` varchar(200) DEFAULT NULL,
  `banner_order` int(11) DEFAULT NULL,
  `banner_type` enum('logo','banner') NOT NULL,
  `banner_click` int(11) DEFAULT '0',
  `module_id` varchar(30) DEFAULT NULL,
  `enable` tinyint(1) NOT NULL DEFAULT '1',
  PRIMARY KEY (`banner_id`)
) ENGINE=InnoDB  DEFAULT CHARSET=utf8 AUTO_INCREMENT=59 ;

--
-- Dumping data for table `hoiit_module_banners`
--

INSERT INTO `hoiit_module_banners` (`banner_id`, `banner_date`, `banner_name`, `banner_picture`, `banner_link`, `banner_order`, `banner_type`, `banner_click`, `module_id`, `enable`) VALUES
(58, '2012-08-07 09:42:19', '', NULL, NULL, NULL, 'logo', 0, NULL, 1);

-- --------------------------------------------------------

--
-- Table structure for table `hoiit_module_contacts`
--

CREATE TABLE IF NOT EXISTS `hoiit_module_contacts` (
  `record_id` int(11) NOT NULL AUTO_INCREMENT,
  `created` timestamp NOT NULL DEFAULT CURRENT_TIMESTAMP,
  `record_order` int(11) DEFAULT NULL,
  `hot` tinyint(1) DEFAULT NULL,
  `enable` tinyint(1) NOT NULL DEFAULT '1',
  PRIMARY KEY (`record_id`)
) ENGINE=InnoDB DEFAULT CHARSET=utf8 AUTO_INCREMENT=1 ;

-- --------------------------------------------------------

--
-- Table structure for table `hoiit_module_contacts_languages`
--

CREATE TABLE IF NOT EXISTS `hoiit_module_contacts_languages` (
  `record_id` int(11) NOT NULL,
  `language_id` varchar(2) NOT NULL,
  `title` varchar(100) NOT NULL,
  `content` text NOT NULL,
  `tag` varchar(100) NOT NULL,
  `description` varchar(250) DEFAULT NULL,
  `hit` int(11) DEFAULT '0',
  PRIMARY KEY (`record_id`,`language_id`),
  KEY `fk_hoiit_module_contacts_has_hoiit_languages_hoiit_languages1` (`language_id`),
  KEY `fk_hoiit_module_contacts_has_hoiit_languages_hoiit_module_con1` (`record_id`)
) ENGINE=InnoDB DEFAULT CHARSET=utf8;

-- --------------------------------------------------------

--
-- Table structure for table `hoiit_module_counter_session`
--

CREATE TABLE IF NOT EXISTS `hoiit_module_counter_session` (
  `session_id` varchar(9) NOT NULL,
  `session_time` int(11) NOT NULL,
  PRIMARY KEY (`session_id`)
) ENGINE=InnoDB DEFAULT CHARSET=utf8;

--
-- Dumping data for table `hoiit_module_counter_session`
--

INSERT INTO `hoiit_module_counter_session` (`session_id`, `session_time`) VALUES
('vswhocp4j', 1344650929);

-- --------------------------------------------------------

--
-- Table structure for table `hoiit_module_counter_value`
--

CREATE TABLE IF NOT EXISTS `hoiit_module_counter_value` (
  `save_name` varchar(32) NOT NULL,
  `save_value` int(11) NOT NULL,
  PRIMARY KEY (`save_name`)
) ENGINE=InnoDB DEFAULT CHARSET=utf8;

--
-- Dumping data for table `hoiit_module_counter_value`
--

INSERT INTO `hoiit_module_counter_value` (`save_name`, `save_value`) VALUES
('max_visit_day', 1344549600),
('max_visit_value', 3),
('time_start_today', 1344636000),
('today_visited', 2),
('total_visited', 5),
('yesterday_visited', 3);

-- --------------------------------------------------------

--
-- Table structure for table `hoiit_module_menus`
--

CREATE TABLE IF NOT EXISTS `hoiit_module_menus` (
  `menu_id` smallint(6) NOT NULL AUTO_INCREMENT,
  `parent_id` smallint(6) NOT NULL DEFAULT '0',
  `menu_type` tinyint(1) NOT NULL DEFAULT '1',
  `menu_target` enum('_self','_blank') DEFAULT NULL,
  `menu_sort` smallint(6) NOT NULL DEFAULT '0',
  `menu_homepage` tinyint(1) NOT NULL DEFAULT '0',
  `menu_activated` tinyint(1) NOT NULL DEFAULT '0',
  PRIMARY KEY (`menu_id`)
) ENGINE=InnoDB  DEFAULT CHARSET=utf8 AUTO_INCREMENT=37 ;

--
-- Dumping data for table `hoiit_module_menus`
--

INSERT INTO `hoiit_module_menus` (`menu_id`, `parent_id`, `menu_type`, `menu_target`, `menu_sort`, `menu_homepage`, `menu_activated`) VALUES
(27, 0, 1, '', 1, 1, 1),
(29, 0, 1, '', 4, 0, 1),
(30, 28, 0, '', 3, 0, 1),
(31, 0, 1, '', 5, 0, 1),
(32, 0, 1, '', 6, 0, 1),
(33, 0, 1, '', 2, 0, 1),
(34, 33, 0, '', 34, 0, 1),
(35, 33, 0, '', 35, 0, 1),
(36, 33, 0, '', 36, 0, 1);

-- --------------------------------------------------------

--
-- Table structure for table `hoiit_module_menus_languages`
--

CREATE TABLE IF NOT EXISTS `hoiit_module_menus_languages` (
  `menu_id` smallint(6) NOT NULL,
  `language_id` varchar(2) NOT NULL,
  `menu_name` varchar(100) NOT NULL,
  `menu_url` varchar(255) NOT NULL,
  `menu_description` varchar(255) DEFAULT NULL,
  PRIMARY KEY (`menu_id`,`language_id`),
  KEY `fk_hoiit_module_menus_has_hoiit_languages_hoiit_languages1` (`language_id`),
  KEY `fk_hoiit_module_menus_has_hoiit_languages_hoiit_module_menus1` (`menu_id`)
) ENGINE=InnoDB DEFAULT CHARSET=utf8;

--
-- Dumping data for table `hoiit_module_menus_languages`
--

INSERT INTO `hoiit_module_menus_languages` (`menu_id`, `language_id`, `menu_name`, `menu_url`, `menu_description`) VALUES
(27, 'en', 'Home page', 'home-page', 'Home page'),
(29, 'en', 'Projects', 'projects', 'Project'),
(30, 'en', 'Sub', 'gioi-thieu/welcome-to-yiiprojectcom.html', ''),
(31, 'en', 'Tutorial programming', 'tutorial-programming', 'Tutorial programming'),
(32, 'en', 'Contact', 'contact', ''),
(33, 'en', 'Outsource', 'outsource', ''),
(34, 'en', 'Website design', 'outsource/website-design.html', ''),
(35, 'en', 'Extention development', 'extention-development.html', ''),
(36, 'en', 'PSD to HTML Service', 'outsource/psd-to-html-service.html', '');

-- --------------------------------------------------------

--
-- Table structure for table `hoiit_module_news`
--

CREATE TABLE IF NOT EXISTS `hoiit_module_news` (
  `record_id` int(11) NOT NULL AUTO_INCREMENT,
  `postdate` timestamp NOT NULL DEFAULT CURRENT_TIMESTAMP,
  `pic_thumb` varchar(100) DEFAULT NULL,
  `pic_desc` varchar(500) DEFAULT NULL,
  `record_order` int(11) DEFAULT NULL,
  `hot` tinyint(1) NOT NULL DEFAULT '0',
  `specials` tinyint(1) DEFAULT NULL,
  `field1` varchar(45) DEFAULT NULL,
  `field2` varchar(45) DEFAULT NULL,
  `field3` varchar(45) DEFAULT NULL,
  `field4` varchar(45) DEFAULT NULL,
  `enable` tinyint(1) NOT NULL DEFAULT '1',
  `hoiit_module_item_cat_cat_id` int(11) NOT NULL,
  PRIMARY KEY (`record_id`),
  KEY `fk_hoiit_module_news_hoiit_module_news_cat_1` (`hoiit_module_item_cat_cat_id`)
) ENGINE=InnoDB DEFAULT CHARSET=utf8 AUTO_INCREMENT=1 ;

-- --------------------------------------------------------

--
-- Table structure for table `hoiit_module_news_cat`
--

CREATE TABLE IF NOT EXISTS `hoiit_module_news_cat` (
  `cat_id` int(11) NOT NULL AUTO_INCREMENT,
  `cat_parent_id` int(11) NOT NULL DEFAULT '0',
  `cat_created` timestamp NOT NULL DEFAULT CURRENT_TIMESTAMP,
  `pic_thumb` varchar(100) DEFAULT NULL,
  `pic_desc` varchar(200) DEFAULT NULL,
  `cat_hot` tinyint(1) DEFAULT NULL,
  `cat_order` int(11) DEFAULT NULL,
  `cat_extra1` varchar(100) DEFAULT NULL,
  `cat_extra2` varchar(100) DEFAULT NULL,
  `cat_enable` tinyint(1) NOT NULL DEFAULT '1',
  PRIMARY KEY (`cat_id`)
) ENGINE=InnoDB DEFAULT CHARSET=utf8 AUTO_INCREMENT=1 ;

-- --------------------------------------------------------

--
-- Table structure for table `hoiit_module_news_cat_languages`
--

CREATE TABLE IF NOT EXISTS `hoiit_module_news_cat_languages` (
  `cat_id` int(11) NOT NULL,
  `language_id` varchar(2) NOT NULL,
  `cat_title` varchar(100) NOT NULL,
  `preview` text,
  `tag` varchar(100) NOT NULL,
  `description` varchar(250) DEFAULT NULL,
  PRIMARY KEY (`cat_id`,`language_id`),
  KEY `fk_hoiit_module_news_cat_has_hoiit_languages_hoiit_languages1` (`language_id`),
  KEY `fk_hoiit_module_news_cat_has_hoiit_languages_hoiit_module_ne1` (`cat_id`)
) ENGINE=InnoDB DEFAULT CHARSET=utf8;

-- --------------------------------------------------------

--
-- Table structure for table `hoiit_module_news_languages`
--

CREATE TABLE IF NOT EXISTS `hoiit_module_news_languages` (
  `record_id` int(11) NOT NULL,
  `language_id` varchar(2) NOT NULL,
  `title` varchar(100) NOT NULL,
  `preview` text,
  `content` text NOT NULL,
  `tag` varchar(100) NOT NULL,
  `description` varchar(250) DEFAULT NULL,
  `hit` int(11) NOT NULL DEFAULT '0',
  `extra_field1` varchar(100) DEFAULT NULL,
  `extra_field2` varchar(100) DEFAULT NULL,
  PRIMARY KEY (`record_id`,`language_id`),
  KEY `fk_hoiit_module_news_has_hoiit_languages_hoiit_languages1` (`language_id`),
  KEY `fk_hoiit_module_news_has_hoiit_languages_hoiit_module_news1` (`record_id`)
) ENGINE=InnoDB DEFAULT CHARSET=utf8;

-- --------------------------------------------------------

--
-- Table structure for table `hoiit_module_poll`
--

CREATE TABLE IF NOT EXISTS `hoiit_module_poll` (
  `record_id` int(11) NOT NULL AUTO_INCREMENT,
  `question` varchar(255) NOT NULL,
  `begin_date` int(11) NOT NULL,
  `end_date` int(11) NOT NULL,
  `record_order` smallint(6) DEFAULT '1',
  `create_date` timestamp NOT NULL DEFAULT CURRENT_TIMESTAMP,
  `enable` tinyint(4) NOT NULL DEFAULT '1',
  PRIMARY KEY (`record_id`)
) ENGINE=InnoDB  DEFAULT CHARSET=utf8 AUTO_INCREMENT=3 ;

--
-- Dumping data for table `hoiit_module_poll`
--

INSERT INTO `hoiit_module_poll` (`record_id`, `question`, `begin_date`, `end_date`, `record_order`, `create_date`, `enable`) VALUES
(2, 'Bạn tích con khỉ nào nhất', 1344376800, 1345327199, 1, '2012-08-08 02:06:57', 1);

-- --------------------------------------------------------

--
-- Table structure for table `hoiit_module_poll_rows`
--

CREATE TABLE IF NOT EXISTS `hoiit_module_poll_rows` (
  `id` int(11) NOT NULL AUTO_INCREMENT,
  `answer` varchar(255) NOT NULL,
  `url` varchar(255) DEFAULT NULL,
  `num_vote` int(11) NOT NULL DEFAULT '0',
  `vote_id` int(11) NOT NULL,
  PRIMARY KEY (`id`),
  KEY `vote_id` (`vote_id`)
) ENGINE=InnoDB  DEFAULT CHARSET=utf8 AUTO_INCREMENT=4 ;

--
-- Dumping data for table `hoiit_module_poll_rows`
--

INSERT INTO `hoiit_module_poll_rows` (`id`, `answer`, `url`, `num_vote`, `vote_id`) VALUES
(1, 'Khỉ gió', '', 0, 2),
(2, 'Khỉ lửa', '', 2, 2),
(3, 'Khỉ đột', '', 0, 2);

-- --------------------------------------------------------

--
-- Table structure for table `hoiit_module_products`
--

CREATE TABLE IF NOT EXISTS `hoiit_module_products` (
  `record_id` int(11) NOT NULL AUTO_INCREMENT,
  `postdate` timestamp NOT NULL DEFAULT CURRENT_TIMESTAMP,
  `pic_thumb` varchar(100) DEFAULT NULL,
  `pic_full` varchar(100) DEFAULT NULL,
  `pic_desc` varchar(500) DEFAULT NULL,
  `record_order` int(11) DEFAULT NULL,
  `unit` varchar(45) DEFAULT NULL,
  `hot` tinyint(1) NOT NULL DEFAULT '0',
  `specials` tinyint(1) DEFAULT NULL,
  `field1` varchar(45) DEFAULT NULL,
  `field2` varchar(45) DEFAULT NULL,
  `field3` varchar(45) DEFAULT NULL,
  `field4` varchar(45) DEFAULT NULL,
  `enable` tinyint(1) NOT NULL DEFAULT '1',
  `hoiit_module_item_cat_cat_id` int(11) NOT NULL,
  PRIMARY KEY (`record_id`),
  KEY `fk_hoiit_module_products_hoiit_module_products_cat1` (`hoiit_module_item_cat_cat_id`)
) ENGINE=InnoDB DEFAULT CHARSET=utf8 AUTO_INCREMENT=1 ;

-- --------------------------------------------------------

--
-- Table structure for table `hoiit_module_products_cat`
--

CREATE TABLE IF NOT EXISTS `hoiit_module_products_cat` (
  `cat_id` int(11) NOT NULL AUTO_INCREMENT,
  `cat_parent_id` int(11) NOT NULL DEFAULT '0',
  `cat_created` timestamp NOT NULL DEFAULT CURRENT_TIMESTAMP,
  `pic_thumb` varchar(100) DEFAULT NULL,
  `pic_desc` varchar(200) DEFAULT NULL,
  `cat_hot` tinyint(1) DEFAULT NULL,
  `cat_order` int(11) DEFAULT NULL,
  `cat_extra1` varchar(100) DEFAULT NULL,
  `cat_extra2` varchar(100) DEFAULT NULL,
  `cat_enable` tinyint(1) NOT NULL DEFAULT '1',
  PRIMARY KEY (`cat_id`)
) ENGINE=InnoDB DEFAULT CHARSET=utf8 AUTO_INCREMENT=1 ;

-- --------------------------------------------------------

--
-- Table structure for table `hoiit_module_products_cat_languages`
--

CREATE TABLE IF NOT EXISTS `hoiit_module_products_cat_languages` (
  `cat_id` int(11) NOT NULL,
  `language_id` varchar(2) NOT NULL,
  `cat_title` varchar(100) NOT NULL,
  `preview` text,
  `tag` varchar(100) NOT NULL,
  `description` varchar(250) DEFAULT NULL,
  PRIMARY KEY (`cat_id`,`language_id`),
  KEY `fk_hoiit_module_products_cat_has_hoiit_languages_hoiit_langua1` (`language_id`),
  KEY `fk_hoiit_module_products_cat_has_hoiit_languages_hoiit_module1` (`cat_id`)
) ENGINE=InnoDB DEFAULT CHARSET=utf8;

-- --------------------------------------------------------

--
-- Table structure for table `hoiit_module_products_languages`
--

CREATE TABLE IF NOT EXISTS `hoiit_module_products_languages` (
  `record_id` int(11) NOT NULL,
  `language_id` varchar(2) NOT NULL,
  `title` varchar(100) NOT NULL,
  `preview` text,
  `content` text NOT NULL,
  `tag` varchar(100) NOT NULL,
  `description` varchar(250) DEFAULT NULL,
  `hit` int(11) NOT NULL,
  `extra_field1` varchar(100) DEFAULT NULL,
  `extra_field2` varchar(100) DEFAULT NULL,
  PRIMARY KEY (`record_id`,`language_id`),
  KEY `fk_hoiit_module_products_has_hoiit_languages_hoiit_languages1` (`language_id`),
  KEY `fk_hoiit_module_products_has_hoiit_languages_hoiit_module_pro1` (`record_id`)
) ENGINE=InnoDB DEFAULT CHARSET=utf8;

-- --------------------------------------------------------

--
-- Table structure for table `hoiit_module_services`
--

CREATE TABLE IF NOT EXISTS `hoiit_module_services` (
  `record_id` int(11) NOT NULL AUTO_INCREMENT,
  `pic_thumb` varchar(100) DEFAULT NULL,
  `created` timestamp NOT NULL DEFAULT CURRENT_TIMESTAMP,
  `record_order` int(11) DEFAULT NULL,
  `hot` tinyint(1) NOT NULL DEFAULT '0',
  `field1` varchar(100) DEFAULT NULL,
  `field2` varchar(100) DEFAULT NULL,
  `enable` tinyint(1) NOT NULL DEFAULT '0',
  PRIMARY KEY (`record_id`)
) ENGINE=InnoDB  DEFAULT CHARSET=utf8 AUTO_INCREMENT=4 ;

--
-- Dumping data for table `hoiit_module_services`
--

INSERT INTO `hoiit_module_services` (`record_id`, `pic_thumb`, `created`, `record_order`, `hot`, `field1`, `field2`, `enable`) VALUES
(1, 'cong-cu-quan-tri-trang-web.png', '2012-08-08 08:17:31', 1, 0, NULL, NULL, 1),
(2, 'giao-duc-quan-tri-vien-web.png', '2012-08-08 08:37:30', 2, 0, NULL, NULL, 1),
(3, 'trung-tam-tro-giup.png', '2012-08-08 08:37:40', 3, 0, NULL, NULL, 1);

-- --------------------------------------------------------

--
-- Table structure for table `hoiit_module_services_languages`
--

CREATE TABLE IF NOT EXISTS `hoiit_module_services_languages` (
  `record_id` int(11) NOT NULL,
  `language_id` varchar(2) NOT NULL,
  `title` varchar(100) NOT NULL,
  `content` text NOT NULL,
  `tag` varchar(100) NOT NULL,
  `description` varchar(250) DEFAULT NULL,
  `hit` int(11) NOT NULL DEFAULT '0',
  `extra_field1` varchar(100) DEFAULT NULL,
  `extra_field2` varchar(100) DEFAULT NULL,
  PRIMARY KEY (`record_id`,`language_id`),
  KEY `fk_hoiit_services_has_hoiit_languages_hoiit_languages1` (`language_id`),
  KEY `fk_hoiit_services_has_hoiit_languages_hoiit_services1` (`record_id`)
) ENGINE=InnoDB DEFAULT CHARSET=utf8;

--
-- Dumping data for table `hoiit_module_services_languages`
--

INSERT INTO `hoiit_module_services_languages` (`record_id`, `language_id`, `title`, `content`, `tag`, `description`, `hit`, `extra_field1`, `extra_field2`) VALUES
(1, 'en', 'PSD to HTML Service', '<p>PSD to HTML Service</p>', 'psd-to-html-service', 'Send us your design and We convert it into a pixel perfect and standards compliant XHTML/CSS', 7, NULL, NULL),
(2, 'en', 'Extention development', '<p>Make Extention</p>', 'extention-development', 'Make extentions for YiiProject CMS', 4, NULL, NULL),
(3, 'en', 'Website design', '<p>Website design</p>', 'website-design', 'Build a website, blog using YiiProject CMS platform Yiiframework', 36, NULL, NULL);

-- --------------------------------------------------------

--
-- Table structure for table `hoiit_module_supports`
--

CREATE TABLE IF NOT EXISTS `hoiit_module_supports` (
  `support_id` int(11) NOT NULL AUTO_INCREMENT,
  `support_name` varchar(45) NOT NULL,
  `support_phone` varchar(45) DEFAULT NULL,
  `support_value` varchar(45) NOT NULL,
  `support_order` smallint(6) DEFAULT '0',
  `support_type` varchar(45) NOT NULL,
  PRIMARY KEY (`support_id`)
) ENGINE=InnoDB  DEFAULT CHARSET=utf8 AUTO_INCREMENT=28 ;

--
-- Dumping data for table `hoiit_module_supports`
--

INSERT INTO `hoiit_module_supports` (`support_id`, `support_name`, `support_phone`, `support_value`, `support_order`, `support_type`) VALUES
(26, 'An', '', 'thanhansoft', 1, 'yahoo'),
(27, 'Nguyễn An', '', 'grouplaptrinh', 2, 'skype');

-- --------------------------------------------------------

--
-- Table structure for table `hoiit_positions`
--

CREATE TABLE IF NOT EXISTS `hoiit_positions` (
  `pos_id` varchar(30) NOT NULL,
  `pos_sort` tinyint(4) NOT NULL,
  `pos_activated` varchar(45) NOT NULL,
  `module_id` varchar(30) NOT NULL,
  `action_id` varchar(30) DEFAULT NULL,
  `controller_id` varchar(30) DEFAULT NULL,
  `hoiit_functions_function_value` varchar(30) NOT NULL,
  KEY `fk_hoiit_positions_hoiit_functions1` (`hoiit_functions_function_value`)
) ENGINE=InnoDB DEFAULT CHARSET=utf8;

--
-- Dumping data for table `hoiit_positions`
--

INSERT INTO `hoiit_positions` (`pos_id`, `pos_sort`, `pos_activated`, `module_id`, `action_id`, `controller_id`, `hoiit_functions_function_value`) VALUES
('right', 1, '1', 'poll', NULL, NULL, 'adv_right'),
('left', 2, '1', 'poll', NULL, NULL, 'list_support'),
('right', 1, '1', 'products', NULL, NULL, 'menu_products'),
('right', 2, '1', 'products', NULL, NULL, 'adv_right'),
('right', 1, '1', 'contact', NULL, NULL, 'list_support'),
('right', 2, '1', 'contact', NULL, NULL, 'adv_right'),
('right', 1, '1', 'news', NULL, NULL, 'menu_news'),
('right', 2, '1', 'news', NULL, NULL, 'adv_right'),
('left', 1, '1', 'about', NULL, NULL, 'adv_left'),
('right', 2, '1', 'about', NULL, NULL, 'menu_about'),
('center', 1, '1', 'default', NULL, NULL, 'services_list_home'),
('left', 2, '1', 'default', NULL, NULL, 'news_list_first'),
('right', 3, '1', 'default', NULL, NULL, 'menu_products'),
('right', 4, '1', 'default', NULL, NULL, 'news_hot'),
('right', 5, '1', 'default', NULL, NULL, 'news_new'),
('right', 6, '1', 'default', NULL, NULL, 'new_poll'),
('right', 7, '1', 'default', NULL, NULL, 'list_support'),
('right', 8, '1', 'default', NULL, NULL, 'counter_session'),
('right', 1, '1', 'services', NULL, NULL, 'menu_services'),
('right', 2, '1', 'services', NULL, NULL, 'list_support');

-- --------------------------------------------------------

--
-- Table structure for table `hoiit_settings`
--

CREATE TABLE IF NOT EXISTS `hoiit_settings` (
  `setting_name` varchar(30) NOT NULL,
  `setting_value` varchar(1000) NOT NULL,
  PRIMARY KEY (`setting_name`)
) ENGINE=InnoDB DEFAULT CHARSET=utf8;

--
-- Dumping data for table `hoiit_settings`
--

INSERT INTO `hoiit_settings` (`setting_name`, `setting_value`) VALUES
('default_language', 'en'),
('description', 'Description'),
('hotline', ''),
('keywords', 'Keywords'),
('slogan', 'Thế giới đồ chơi cho khỉ'),
('title', 'Welcome to YiiProject');

-- --------------------------------------------------------

--
-- Table structure for table `hoiit_templates`
--

CREATE TABLE IF NOT EXISTS `hoiit_templates` (
  `template_id` varchar(30) NOT NULL,
  `template_name` varchar(45) NOT NULL,
  `template_date` timestamp NOT NULL DEFAULT CURRENT_TIMESTAMP,
  `template_desc` varchar(100) DEFAULT NULL,
  `template_author` varchar(45) DEFAULT NULL,
  `template_web` varchar(100) DEFAULT NULL,
  `template_admin` tinyint(1) NOT NULL,
  `template_activated` tinyint(1) NOT NULL DEFAULT '0',
  PRIMARY KEY (`template_id`)
) ENGINE=InnoDB DEFAULT CHARSET=utf8;

--
-- Dumping data for table `hoiit_templates`
--

INSERT INTO `hoiit_templates` (`template_id`, `template_name`, `template_date`, `template_desc`, `template_author`, `template_web`, `template_admin`, `template_activated`) VALUES
('yiiproject', 'YiiProject', '2012-07-26 13:47:49', NULL, 'Yii project', NULL, 0, 1);

-- --------------------------------------------------------

--
-- Table structure for table `hoiit_urls`
--

CREATE TABLE IF NOT EXISTS `hoiit_urls` (
  `url_pattern` varchar(100) NOT NULL,
  `url_route` varchar(100) NOT NULL,
  `url_param` varchar(200) DEFAULT NULL,
  `url_sort` smallint(6) DEFAULT '1',
  `url_type` tinyint(1) NOT NULL DEFAULT '0',
  `hoiit_modules_module_id` varchar(30) NOT NULL,
  `hoiit_languages_language_id` varchar(2) NOT NULL,
  PRIMARY KEY (`url_pattern`),
  KEY `fk_hoiit_urls_hoiit_modules1` (`hoiit_modules_module_id`),
  KEY `fk_hoiit_urls_hoiit_languages1` (`hoiit_languages_language_id`)
) ENGINE=InnoDB DEFAULT CHARSET=utf8;

--
-- Dumping data for table `hoiit_urls`
--

INSERT INTO `hoiit_urls` (`url_pattern`, `url_route`, `url_param`, `url_sort`, `url_type`, `hoiit_modules_module_id`, `hoiit_languages_language_id`) VALUES
('about-us', 'about/default/index', '', 1, 1, 'about', 'en'),
('about-us/<id:[-a-z0-9]+>', 'about/default/view', 'urlSuffix=>.html', 0, 0, 'about', 'en'),
('contact', 'contact/default/index', '', 0, 1, 'contact', 'en'),
('home-page', 'default/default/index', NULL, NULL, 1, 'default', 'en'),
('outsource', 'services/default/index', '', 1, 1, 'services', 'en'),
('outsource/<id:[-a-z0-9]+>', 'services/default/view', 'urlSuffix=>.html', 0, 0, 'services', 'en'),
('projects', 'products/default/index', '', 3, 1, 'products', 'en'),
('projects/<cid:[-a-z0-9]+>', 'products/default/cats', '', 2, 0, 'products', 'en'),
('projects/<cid:[-a-z0-9]+>/<id:[-a-z0-9]+>', 'products/default/view', 'urlSuffix=>.html', 0, 0, 'products', 'en'),
('projects/<cid:[-a-z0-9]+>/page/<page:\\d+>', 'products/default/cats', '', 1, 0, 'products', 'en'),
('tutorial-programming', 'news/default/index', '', 1, 1, 'news', 'en'),
('tutorial-programming/<cid:[-a-z0-9]+>', 'news/default/cats', '', 3, 0, 'news', 'en'),
('tutorial-programming/<cid:[-a-z0-9]+>/<id:[-a-z0-9]+>', 'news/default/view', 'urlSuffix=>.html', 4, 0, 'news', 'en'),
('tutorial-programming/<cid:[-a-z0-9]+>/page/<page:\\d+>', 'news/default/cats', '', 2, 0, 'news', 'en'),
('tutorial-programming/page/<page:\\d+>', 'news/default/index', '', 0, 0, 'news', 'en');

-- --------------------------------------------------------

--
-- Table structure for table `hoiit_users`
--

CREATE TABLE IF NOT EXISTS `hoiit_users` (
  `user_id` varchar(45) NOT NULL,
  `user_email` varchar(100) NOT NULL,
  `user_pass` varchar(45) NOT NULL,
  `user_picture` varchar(45) DEFAULT NULL,
  `user_display` varchar(100) NOT NULL,
  `user_registered` timestamp NOT NULL DEFAULT CURRENT_TIMESTAMP,
  `user_lastvisit` timestamp NULL DEFAULT NULL,
  `user_activation_key` varchar(45) DEFAULT NULL,
  `user_enable` tinyint(1) NOT NULL,
  `hoiit_groups_group_id` varchar(45) NOT NULL,
  PRIMARY KEY (`user_id`),
  KEY `fk_hoiit_users_hoiit_groups1` (`hoiit_groups_group_id`)
) ENGINE=InnoDB DEFAULT CHARSET=utf8;

--
-- Dumping data for table `hoiit_users`
--

INSERT INTO `hoiit_users` (`user_id`, `user_email`, `user_pass`, `user_picture`, `user_display`, `user_registered`, `user_lastvisit`, `user_activation_key`, `user_enable`, `hoiit_groups_group_id`) VALUES
('thanhansoft', 'thanhansoft@gmail.com', '14e1b600b1fd579f47433b88e8d85291', NULL, 'Thanhansoft', '2012-07-03 15:49:55', '2012-07-03 15:49:55', NULL, 1, 'administrator');

--
-- Constraints for dumped tables
--

--
-- Constraints for table `hoiit_configs`
--
ALTER TABLE `hoiit_configs`
  ADD CONSTRAINT `fk_hoiit_configs_hoiit_modules1` FOREIGN KEY (`hoiit_modules_module_id`) REFERENCES `hoiit_modules` (`module_id`) ON DELETE NO ACTION ON UPDATE NO ACTION;

--
-- Constraints for table `hoiit_functions`
--
ALTER TABLE `hoiit_functions`
  ADD CONSTRAINT `fk_hoiit_functions_hoiit_modules` FOREIGN KEY (`hoiit_modules_module_id`) REFERENCES `hoiit_modules` (`module_id`) ON DELETE NO ACTION ON UPDATE NO ACTION;

--
-- Constraints for table `hoiit_langs`
--
ALTER TABLE `hoiit_langs`
  ADD CONSTRAINT `fk_hoiit_langs_hoiit_languages1` FOREIGN KEY (`hoiit_languages_language_id`) REFERENCES `hoiit_languages` (`language_id`) ON DELETE NO ACTION ON UPDATE NO ACTION;

--
-- Constraints for table `hoiit_module_about_languages`
--
ALTER TABLE `hoiit_module_about_languages`
  ADD CONSTRAINT `fk_hoiit_about_has_hoiit_languages_hoiit_about1` FOREIGN KEY (`record_id`) REFERENCES `hoiit_module_about` (`record_id`) ON DELETE NO ACTION ON UPDATE NO ACTION,
  ADD CONSTRAINT `fk_hoiit_about_has_hoiit_languages_hoiit_languages1` FOREIGN KEY (`language_id`) REFERENCES `hoiit_languages` (`language_id`) ON DELETE NO ACTION ON UPDATE NO ACTION;

--
-- Constraints for table `hoiit_module_contacts_languages`
--
ALTER TABLE `hoiit_module_contacts_languages`
  ADD CONSTRAINT `fk_hoiit_module_contacts_has_hoiit_languages_hoiit_languages1` FOREIGN KEY (`language_id`) REFERENCES `hoiit_languages` (`language_id`) ON DELETE NO ACTION ON UPDATE NO ACTION,
  ADD CONSTRAINT `fk_hoiit_module_contacts_has_hoiit_languages_hoiit_module_con1` FOREIGN KEY (`record_id`) REFERENCES `hoiit_module_contacts` (`record_id`) ON DELETE NO ACTION ON UPDATE NO ACTION;

--
-- Constraints for table `hoiit_module_menus_languages`
--
ALTER TABLE `hoiit_module_menus_languages`
  ADD CONSTRAINT `fk_hoiit_module_menus_has_hoiit_languages_hoiit_languages1` FOREIGN KEY (`language_id`) REFERENCES `hoiit_languages` (`language_id`) ON DELETE NO ACTION ON UPDATE NO ACTION,
  ADD CONSTRAINT `fk_hoiit_module_menus_has_hoiit_languages_hoiit_module_menus1` FOREIGN KEY (`menu_id`) REFERENCES `hoiit_module_menus` (`menu_id`) ON DELETE NO ACTION ON UPDATE NO ACTION;

--
-- Constraints for table `hoiit_module_news`
--
ALTER TABLE `hoiit_module_news`
  ADD CONSTRAINT `fk_hoiit_module_news_hoiit_module_news_cat_1` FOREIGN KEY (`hoiit_module_item_cat_cat_id`) REFERENCES `hoiit_module_news_cat` (`cat_id`) ON DELETE NO ACTION ON UPDATE NO ACTION;

--
-- Constraints for table `hoiit_module_news_cat_languages`
--
ALTER TABLE `hoiit_module_news_cat_languages`
  ADD CONSTRAINT `fk_hoiit_module_news_cat__has_hoiit_languages_hoiit_languages1` FOREIGN KEY (`language_id`) REFERENCES `hoiit_languages` (`language_id`) ON DELETE NO ACTION ON UPDATE NO ACTION,
  ADD CONSTRAINT `fk_hoiit_module_news_cat__has_hoiit_languages_hoiit_module_ne1` FOREIGN KEY (`cat_id`) REFERENCES `hoiit_module_news_cat` (`cat_id`) ON DELETE NO ACTION ON UPDATE NO ACTION;

--
-- Constraints for table `hoiit_module_news_languages`
--
ALTER TABLE `hoiit_module_news_languages`
  ADD CONSTRAINT `fk_hoiit_module_news_has_hoiit_languages_hoiit_languages1` FOREIGN KEY (`language_id`) REFERENCES `hoiit_languages` (`language_id`) ON DELETE NO ACTION ON UPDATE NO ACTION,
  ADD CONSTRAINT `fk_hoiit_module_news_has_hoiit_languages_hoiit_module_news1` FOREIGN KEY (`record_id`) REFERENCES `hoiit_module_news` (`record_id`) ON DELETE NO ACTION ON UPDATE NO ACTION;

--
-- Constraints for table `hoiit_module_poll_rows`
--
ALTER TABLE `hoiit_module_poll_rows`
  ADD CONSTRAINT `hoiit_module_poll_rows_ibfk_1` FOREIGN KEY (`vote_id`) REFERENCES `hoiit_module_poll` (`record_id`) ON DELETE CASCADE ON UPDATE CASCADE;

--
-- Constraints for table `hoiit_module_products`
--
ALTER TABLE `hoiit_module_products`
  ADD CONSTRAINT `fk_hoiit_module_products_hoiit_module_products_cat1` FOREIGN KEY (`hoiit_module_item_cat_cat_id`) REFERENCES `hoiit_module_products_cat` (`cat_id`) ON DELETE NO ACTION ON UPDATE NO ACTION;

--
-- Constraints for table `hoiit_module_products_cat_languages`
--
ALTER TABLE `hoiit_module_products_cat_languages`
  ADD CONSTRAINT `fk_hoiit_module_products_cat_has_hoiit_languages_hoiit_langua1` FOREIGN KEY (`language_id`) REFERENCES `hoiit_languages` (`language_id`) ON DELETE NO ACTION ON UPDATE NO ACTION,
  ADD CONSTRAINT `fk_hoiit_module_products_cat_has_hoiit_languages_hoiit_module1` FOREIGN KEY (`cat_id`) REFERENCES `hoiit_module_products_cat` (`cat_id`) ON DELETE NO ACTION ON UPDATE NO ACTION;

--
-- Constraints for table `hoiit_module_products_languages`
--
ALTER TABLE `hoiit_module_products_languages`
  ADD CONSTRAINT `fk_hoiit_module_products_has_hoiit_languages_hoiit_languages1` FOREIGN KEY (`language_id`) REFERENCES `hoiit_languages` (`language_id`) ON DELETE NO ACTION ON UPDATE NO ACTION,
  ADD CONSTRAINT `fk_hoiit_module_products_has_hoiit_languages_hoiit_module_pro1` FOREIGN KEY (`record_id`) REFERENCES `hoiit_module_products` (`record_id`) ON DELETE NO ACTION ON UPDATE NO ACTION;

--
-- Constraints for table `hoiit_module_services_languages`
--
ALTER TABLE `hoiit_module_services_languages`
  ADD CONSTRAINT `fk_hoiit_services_has_hoiit_languages_hoiit_languages1` FOREIGN KEY (`language_id`) REFERENCES `hoiit_languages` (`language_id`) ON DELETE NO ACTION ON UPDATE NO ACTION,
  ADD CONSTRAINT `fk_hoiit_services_has_hoiit_languages_hoiit_services1` FOREIGN KEY (`record_id`) REFERENCES `hoiit_module_services` (`record_id`) ON DELETE NO ACTION ON UPDATE NO ACTION;

--
-- Constraints for table `hoiit_positions`
--
ALTER TABLE `hoiit_positions`
  ADD CONSTRAINT `fk_hoiit_positions_hoiit_functions1` FOREIGN KEY (`hoiit_functions_function_value`) REFERENCES `hoiit_functions` (`function_value`) ON DELETE NO ACTION ON UPDATE NO ACTION;

--
-- Constraints for table `hoiit_urls`
--
ALTER TABLE `hoiit_urls`
  ADD CONSTRAINT `fk_hoiit_urls_hoiit_languages1` FOREIGN KEY (`hoiit_languages_language_id`) REFERENCES `hoiit_languages` (`language_id`) ON DELETE NO ACTION ON UPDATE NO ACTION,
  ADD CONSTRAINT `fk_hoiit_urls_hoiit_modules1` FOREIGN KEY (`hoiit_modules_module_id`) REFERENCES `hoiit_modules` (`module_id`) ON DELETE NO ACTION ON UPDATE NO ACTION;

--
-- Constraints for table `hoiit_users`
--
ALTER TABLE `hoiit_users`
  ADD CONSTRAINT `fk_hoiit_users_hoiit_groups1` FOREIGN KEY (`hoiit_groups_group_id`) REFERENCES `hoiit_groups` (`group_id`) ON DELETE NO ACTION ON UPDATE NO ACTION;

/*!40101 SET CHARACTER_SET_CLIENT=@OLD_CHARACTER_SET_CLIENT */;
/*!40101 SET CHARACTER_SET_RESULTS=@OLD_CHARACTER_SET_RESULTS */;
/*!40101 SET COLLATION_CONNECTION=@OLD_COLLATION_CONNECTION */;
